cell_id,condition
C70R_C70R.bcDWVD_1,resistant
C70R_C70R.bcFKNC_2,resistant
C70R_C70R.bcATGT_3,resistant
C70R_C70R.bcCPAD_4,resistant
C70R_C70R.bcBIIV_5,resistant
C70R_C70R.bcAIOC_7,resistant
C70R_C70R.bcCLVG_8,resistant
C70R_C70R.bcGNGI_9,resistant
C70R_C70R.bcHFSJ_10,resistant
C70R_C70R.bcCNHG_11,resistant
C70R_C70R.bcIFPN_12,resistant
C70R_C70R.bcDNBV_16,resistant
C70R_C70R.bcGBQP_17,resistant
C70R_C70R.bcFQSU_18,resistant
C70R_C70R.bcAETD_19,resistant
C70R_C70R.bcHCYB_20,resistant
C70R_C70R.bcFXDC_21,resistant
C70R_C70R.bcAKUX_22,resistant
C70R_C70R.bcBRIX_23,resistant
C70R_C70R.bcAUEG_24,resistant
C70R_C70R.bcBQLD_27,resistant
C70R_C70R.bcAYRP_28,resistant
C70R_C70R.bcGPXU_29,resistant
C70R_C70R.bcAZTW_30,resistant
C70R_C70R.bcAKSM_31,resistant
C70R_C70R.bcHHKE_32,resistant
C70R_C70R.bcDAHV_33,resistant
C70R_C70R.bcHIHF_35,resistant
C70R_C70R.bcAMTC_36,resistant
C70R_C70R.bcARBY_37,resistant
C70R_C70R.bcBWNH_38,resistant
C70R_C70R.bcFIVC_39,resistant
C70R_C70R.bcCKMX_40,resistant
C70R_C70R.bcEZWD_41,resistant
C70R_C70R.bcCDGP_42,resistant
C70R_C70R.bcCJRC_43,resistant
C70R_C70R.bcHEBT_45,resistant
C70R_C70R.bcDCUE_46,resistant
C70R_C70R.bcCNLD_47,resistant
C70R_C70R.bcEPQX_48,resistant
C70R_C70R.bcEXIC_49,resistant
C70R_C70R.bcGBEK_51,resistant
C70R_C70R.bcHUKU_52,resistant
C70R_C70R.bcHRSS_53,resistant
C70R_C70R.bcAJYK_55,resistant
C70R_C70R.bcIEPC_56,resistant
C70R_C70R.bcAHKD_57,resistant
C70R_C70R.bcCVJJ_58,resistant
C70R_C70R.bcFXJY_59,resistant
C70R_C70R.bcGBFL_60,resistant
C70R_C70R.bcEMEY_61,resistant
C70R_C70R.bcEJBQ_62,resistant
C70R_C70R.bcDAIB_63,resistant
C70R_C70R.bcDGEY_64,resistant
C70R_C70R.bcCBNA_65,resistant
C70R_C70R.bcCIUA_66,resistant
C70R_C70R.bcBWLK_67,resistant
C70R_C70R.bcAGDG_68,resistant
C70R_C70R.bcHCEE_69,resistant
C70R_C70R.bcBVDZ_71,resistant
C70R_C70R.bcCPYY_72,resistant
C70R_C70R.bcEIOA_73,resistant
C70R_C70R.bcDLOP_74,resistant
C70R_C70R.bcALUX_75,resistant
C70R_C70R.bcFXPW_76,resistant
C70R_C70R.bcHEVM_77,resistant
C70R_C70R.bcHARC_78,resistant
C70R_C70R.bcAIVE_79,resistant
C70R_C70R.bcENGD_81,resistant
C70R_C70R.bcAJKD_82,resistant
C70R_C70R.bcECJW_83,resistant
C70R_C70R.bcGOWY_84,resistant
C70R_C70R.bcADUS_85,resistant
C70R_C70R.bcDYXB_87,resistant
C70R_C70R.bcFKUW_88,resistant
C70R_C70R.bcAGUI_89,resistant
C70R_C70R.bcGUBU_90,resistant
C70R_C70R.bcBNKH_91,resistant
C70R_C70R.bcGLON_93,resistant
C70R_C70R.bcBEKD_94,resistant
C70R_C70R.bcEWPA_95,resistant
C70R_C70R.bcGMEP_96,resistant
C70R_C70R.bcGNMP_97,resistant
C70R_C70R.bcGVMP_98,resistant
C70R_C70R.bcDPPH_99,resistant
C70R_C70R.bcHAWC_100,resistant
C70R_C70R.bcGCXK_101,resistant
C70R_C70R.bcFBEL_102,resistant
C70R_C70R.bcDADT_103,resistant
C70R_C70R.bcBQZI_104,resistant
C70R_C70R.bcBKNH_105,resistant
C70R_C70R.bcCUIM_106,resistant
C70R_C70R.bcHMNP_107,resistant
C70R_C70R.bcBHQA_109,resistant
C70R_C70R.bcHDXT_113,resistant
C70R_C70R.bcCKJM_114,resistant
C70R_C70R.bcFHJY_115,resistant
C70R_C70R.bcFICN_117,resistant
C70R_C70R.bcGBLL_118,resistant
C70R_C70R.bcFBWA_119,resistant
C70R_C70R.bcDLTO_121,resistant
C70R_C70R.bcAPIY_122,resistant
C70R_C70R.bcCHTA_123,resistant
C70R_C70R.bcDBME_126,resistant
C70R_C70R.bcDEHB_127,resistant
C70R_C70R.bcEXAU_128,resistant
C70R_C70R.bcDQPD_129,resistant
C70R_C70R.bcGFON_130,resistant
C70R_C70R.bcADCN_131,resistant
C70R_C70R.bcHXXK_132,resistant
C70R_C70R.bcGIAP_134,resistant
C70R_C70R.bcAVYF_135,resistant
C70R_C70R.bcGDKA_136,resistant
C70R_C70R.bcDSAS_137,resistant
C70R_C70R.bcCFJX_138,resistant
C70R_C70R.bcDVVP_139,resistant
C70R_C70R.bcFFJN_140,resistant
C70R_C70R.bcHOLM_141,resistant
C70R_C70R.bcAUFW_143,resistant
C70R_C70R.bcDEBW_144,resistant
C70R_C70R.bcCNVJ_145,resistant
C70R_C70R.bcCQGY_146,resistant
C70R_C70R.bcDSYB_147,resistant
C70R_C70R.bcAARA_148,resistant
C70R_C70R.bcEDVH_150,resistant
C70R_C70R.bcCVPA_151,resistant
C70R_C70R.bcDELN_152,resistant
C70R_C70R.bcGILP_153,resistant
C70R_C70R.bcEOIB_154,resistant
C70R_C70R.bcHEJW_155,resistant
C70R_C70R.bcIDQI_157,resistant
C70R_C70R.bcCUQD_158,resistant
C70R_C70R.bcAFIM_159,resistant
C70R_C70R.bcHQHR_160,resistant
C70R_C70R.bcFAHD_162,resistant
C70R_C70R.bcDEIW_163,resistant
C70R_C70R.bcEURW_164,resistant
C70R_C70R.bcCZIS_165,resistant
C70R_C70R.bcIBHS_166,resistant
C70R_C70R.bcGLKT_168,resistant
C70R_C70R.bcBCDB_169,resistant
C70R_C70R.bcBUSL_170,resistant
C70R_C70R.bcGSZS_171,resistant
C70R_C70R.bcDNME_172,resistant
C70R_C70R.bcBMZY_173,resistant
C70R_C70R.bcHJNC_174,resistant
C70R_C70R.bcFVPZ_175,resistant
C70R_C70R.bcAMZF_177,resistant
C70R_C70R.bcAHEW_178,resistant
C70R_C70R.bcCREG_179,resistant
C70R_C70R.bcALCJ_181,resistant
C70R_C70R.bcDSWL_182,resistant
C70R_C70R.bcGQOI_183,resistant
C70R_C70R.bcFDLZ_184,resistant
C70R_C70R.bcDCWO_185,resistant
C70R_C70R.bcIALS_186,resistant
C70R_C70R.bcHOPJ_187,resistant
C70R_C70R.bcAUDO_188,resistant
C70R_C70R.bcDJGH_190,resistant
C70R_C70R.bcFAIO_192,resistant
C70R_C70R.bcHYEE_193,resistant
C70R_C70R.bcICVC_194,resistant
C70R_C70R.bcHOJA_196,resistant
C70R_C70R.bcAGRY_197,resistant
C70R_C70R.bcHPAM_198,resistant
C70R_C70R.bcGAZZ_201,resistant
C70R_C70R.bcANFG_202,resistant
C70R_C70R.bcCTTD_203,resistant
C70R_C70R.bcCIOL_204,resistant
C70R_C70R.bcAFXW_205,resistant
C70R_C70R.bcGFQF_206,resistant
C70R_C70R.bcDGCL_207,resistant
C70R_C70R.bcEYXX_208,resistant
C70R_C70R.bcAQXZ_209,resistant
C70R_C70R.bcETES_210,resistant
C70R_C70R.bcBFCS_211,resistant
C70R_C70R.bcFTVE_214,resistant
C70R_C70R.bcALDY_215,resistant
C70R_C70R.bcHTLR_216,resistant
C70R_C70R.bcEMVD_217,resistant
C70R_C70R.bcAIQO_218,resistant
C70R_C70R.bcHNZE_220,resistant
C70R_C70R.bcCJWN_221,resistant
C70R_C70R.bcDZQE_222,resistant
C70R_C70R.bcBQCD_223,resistant
C70R_C70R.bcDBDF_224,resistant
C70R_C70R.bcDQYD_225,resistant
C70R_C70R.bcAHTK_226,resistant
C70R_C70R.bcDUHY_227,resistant
C70R_C70R.bcGTXE_228,resistant
C70R_C70R.bcHIDG_229,resistant
C70R_C70R.bcIBTL_230,resistant
C70R_C70R.bcDVFT_231,resistant
C70R_C70R.bcAQCC_232,resistant
C70R_C70R.bcFXLD_233,resistant
C70R_C70R.bcFSXF_235,resistant
C70R_C70R.bcAXQC_236,resistant
C70R_C70R.bcDWAD_237,resistant
C70R_C70R.bcEHPA_238,resistant
C70R_C70R.bcCNMN_239,resistant
C70R_C70R.bcEQWT_240,resistant
C70R_C70R.bcEAIW_241,resistant
C70R_C70R.bcCUQS_242,resistant
C70R_C70R.bcIGOI_243,resistant
C70R_C70R.bcAOAW_244,resistant
C70R_C70R.bcACOK_245,resistant
C70R_C70R.bcBMIC_246,resistant
C70R_C70R.bcGVNA_247,resistant
C70R_C70R.bcGQDG_248,resistant
C70R_C70R.bcCZOK_249,resistant
C70R_C70R.bcIBRL_250,resistant
C70R_C70R.bcHJDW_251,resistant
C70R_C70R.bcEWHH_253,resistant
C70R_C70R.bcGPCE_254,resistant
C70R_C70R.bcAHBW_255,resistant
C70R_C70R.bcEQGL_256,resistant
C70R_C70R.bcFVKM_257,resistant
C70R_C70R.bcDDCJ_258,resistant
C70R_C70R.bcAELB_259,resistant
C70R_C70R.bcDQSB_260,resistant
C70R_C70R.bcGRGC_261,resistant
C70R_C70R.bcBWOX_264,resistant
C70R_C70R.bcCWKB_265,resistant
C70R_C70R.bcBTAF_267,resistant
C70R_C70R.bcHEFS_268,resistant
C70R_C70R.bcFZBL_270,resistant
C70R_C70R.bcAPVA_271,resistant
C70R_C70R.bcATQF_272,resistant
C70R_C70R.bcDXCD_273,resistant
C70R_C70R.bcEXZI_274,resistant
C70R_C70R.bcCTSS_275,resistant
C70R_C70R.bcABNT_276,resistant
C70R_C70R.bcEAOA_277,resistant
C70R_C70R.bcIKBY_278,resistant
C70R_C70R.bcGHWD_280,resistant
C70R_C70R.bcBJUQ_281,resistant
C70R_C70R.bcBNWB_282,resistant
C70R_C70R.bcELLM_283,resistant
C70R_C70R.bcHJZF_285,resistant
C70R_C70R.bcBECB_286,resistant
C70R_C70R.bcHRLN_287,resistant
C70R_C70R.bcDPQE_288,resistant
C70R_C70R.bcBGXV_289,resistant
C70R_C70R.bcCACO_292,resistant
C70R_C70R.bcHINA_293,resistant
C70R_C70R.bcCOGC_294,resistant
C70R_C70R.bcADMP_295,resistant
C70R_C70R.bcFVMV_296,resistant
C70R_C70R.bcGKEG_297,resistant
C70R_C70R.bcCRBL_298,resistant
C70R_C70R.bcDETM_299,resistant
C70R_C70R.bcDTHD_300,resistant
C70R_C70R.bcHKRM_301,resistant
C70R_C70R.bcCNAY_302,resistant
C70R_C70R.bcBGLJ_303,resistant
C70R_C70R.bcCUPA_305,resistant
C70R_C70R.bcEHRW_306,resistant
C70R_C70R.bcGWQY_307,resistant
C70R_C70R.bcFCMY_308,resistant
C70R_C70R.bcHLLC_310,resistant
C70R_C70R.bcIGCX_311,resistant
C70R_C70R.bcBHQN_312,resistant
C70R_C70R.bcIFJR_315,resistant
C70R_C70R.bcIDKB_316,resistant
C70R_C70R.bcDYIU_317,resistant
C70R_C70R.bcDQEB_319,resistant
C70R_C70R.bcGPSO_320,resistant
C70R_C70R.bcFPHG_321,resistant
C70R_C70R.bcIIAX_322,resistant
C70R_C70R.bcFEKK_323,resistant
C70R_C70R.bcGUFP_324,resistant
C70R_C70R.bcGEHB_325,resistant
C70R_C70R.bcGZAX_326,resistant
C70R_C70R.bcAZBC_327,resistant
C70R_C70R.bcHDJS_328,resistant
C70R_C70R.bcBGKQ_331,resistant
C70R_C70R.bcAAFX_332,resistant
C70R_C70R.bcANPA_333,resistant
C70R_C70R.bcGXWZ_334,resistant
C70R_C70R.bcAJIT_335,resistant
C70R_C70R.bcEIMX_336,resistant
C70R_C70R.bcCZDX_337,resistant
C70R_C70R.bcDZOG_338,resistant
C70R_C70R.bcASEZ_339,resistant
C70R_C70R.bcFZUS_340,resistant
C70R_C70R.bcDRUL_341,resistant
C70R_C70R.bcGGQP_343,resistant
C70R_C70R.bcGDLX_344,resistant
C70R_C70R.bcCRWC_345,resistant
C70R_C70R.bcHKRR_346,resistant
C70R_C70R.bcFKDN_347,resistant
C70R_C70R.bcBNLY_349,resistant
C70R_C70R.bcBVDL_350,resistant
C70R_C70R.bcDFQD_351,resistant
C70R_C70R.bcFRPC_353,resistant
C70R_C70R.bcCGUE_354,resistant
C70R_C70R.bcANAM_356,resistant
C70R_C70R.bcBWJY_358,resistant
C70R_C70R.bcBDET_360,resistant
C70R_C70R.bcHLDR_361,resistant
C70R_C70R.bcEVVI_363,resistant
C70R_C70R.bcBGCW_365,resistant
C70R_C70R.bcAREB_366,resistant
C70R_C70R.bcANPR_368,resistant
C70R_C70R.bcCGHR_369,resistant
C70R_C70R.bcHQHZ_370,resistant
C70R_C70R.bcDAMP_371,resistant
C70R_C70R.bcEDOY_372,resistant
C70R_C70R.bcCXIC_373,resistant
C70R_C70R.bcFXDB_375,resistant
C70R_C70R.bcEMBX_376,resistant
C70R_C70R.bcBSJY_377,resistant
C70R_C70R.bcEJAQ_378,resistant
C70R_C70R.bcBOZM_379,resistant
C70R_C70R.bcEOPL_380,resistant
C70R_C70R.bcDTKZ_381,resistant
C70R_C70R.bcGSVV_383,resistant
C70R_C70R.bcDNRQ_384,resistant
C70R_C70R.bcGFQV_385,resistant
C70R_C70R.bcEUGR_386,resistant
C70R_C70R.bcAUEC_387,resistant
C70R_C70R.bcEFEW_388,resistant
C70R_C70R.bcACML_389,resistant
C70R_C70R.bcGJKU_390,resistant
C70R_C70R.bcBKSB_392,resistant
C70R_C70R.bcHBFN_393,resistant
C70R_C70R.bcFULY_395,resistant
C70R_C70R.bcCLGG_396,resistant
C70R_C70R.bcAXIK_398,resistant
C70R_C70R.bcCIYQ_399,resistant
C70R_C70R.bcAQHM_400,resistant
C70R_C70R.bcIFQS_402,resistant
C70R_C70R.bcFTNQ_403,resistant
C70R_C70R.bcCBZU_405,resistant
C70R_C70R.bcHVVW_406,resistant
C70R_C70R.bcFSAX_407,resistant
C70R_C70R.bcGLCG_408,resistant
C70R_C70R.bcFUTT_409,resistant
C70R_C70R.bcABAT_410,resistant
C70R_C70R.bcCVJH_412,resistant
C70R_C70R.bcHDGY_413,resistant
C70R_C70R.bcICLS_414,resistant
C70R_C70R.bcAIBZ_418,resistant
C70R_C70R.bcGLDT_419,resistant
C70R_C70R.bcAHLC_422,resistant
C70R_C70R.bcDSQE_423,resistant
C70R_C70R.bcEGGU_424,resistant
C70R_C70R.bcACAU_425,resistant
C70R_C70R.bcBEMB_426,resistant
C70R_C70R.bcGHRY_427,resistant
C70R_C70R.bcCTAK_428,resistant
C70R_C70R.bcFFEP_429,resistant
C70R_C70R.bcHULV_430,resistant
C70R_C70R.bcAWOM_431,resistant
C70R_C70R.bcDXOE_432,resistant
C70R_C70R.bcDFGY_433,resistant
C70R_C70R.bcAYEA_434,resistant
C70R_C70R.bcGUUK_435,resistant
C70R_C70R.bcDJFE_436,resistant
C70R_C70R.bcIGWS_437,resistant
C70R_C70R.bcCIDO_439,resistant
C70R_C70R.bcFHMV_440,resistant
C70R_C70R.bcCPMR_441,resistant
C70R_C70R.bcBEOO_442,resistant
C70R_C70R.bcFZXD_443,resistant
C70R_C70R.bcAXAV_444,resistant
C70R_C70R.bcGOST_445,resistant
C70R_C70R.bcFCYJ_446,resistant
C70R_C70R.bcGSZP_447,resistant
C70R_C70R.bcGOMI_448,resistant
C70R_C70R.bcAWQJ_449,resistant
C70R_C70R.bcBEXK_451,resistant
C70R_C70R.bcHZOK_452,resistant
C70R_C70R.bcBZTP_453,resistant
C70R_C70R.bcFPQI_455,resistant
C70R_C70R.bcHDNZ_457,resistant
C70R_C70R.bcFXVA_459,resistant
C70R_C70R.bcGMEF_460,resistant
C70R_C70R.bcGPBU_461,resistant
C70R_C70R.bcCGSQ_462,resistant
C70R_C70R.bcDQTX_463,resistant
C70R_C70R.bcDHWP_464,resistant
C70R_C70R.bcCBKF_465,resistant
C70R_C70R.bcECOM_466,resistant
C70R_C70R.bcGRKR_467,resistant
C70R_C70R.bcHUME_468,resistant
C70R_C70R.bcFXBF_469,resistant
C70R_C70R.bcDNQP_470,resistant
C70R_C70R.bcAJJX_471,resistant
C70R_C70R.bcHWUS_472,resistant
C70R_C70R.bcHIFN_473,resistant
C70R_C70R.bcCOKZ_474,resistant
C70R_C70R.bcETNH_477,resistant
C70R_C70R.bcADVX_479,resistant
C70R_C70R.bcAHZN_481,resistant
C70R_C70R.bcCTES_482,resistant
C70R_C70R.bcCTYL_484,resistant
C70R_C70R.bcEXOC_485,resistant
C70R_C70R.bcDNDD_486,resistant
C70R_C70R.bcAYQB_487,resistant
C70R_C70R.bcHATQ_488,resistant
C70R_C70R.bcEHDD_489,resistant
C70R_C70R.bcFPAC_490,resistant
C70R_C70R.bcHTGX_491,resistant
C70R_C70R.bcGBKO_492,resistant
C70R_C70R.bcEXJC_493,resistant
C70R_C70R.bcGFQY_494,resistant
C70R_C70R.bcENAL_495,resistant
C70R_C70R.bcBDBE_496,resistant
C70R_C70R.bcGVPG_497,resistant
C70R_C70R.bcBOCO_498,resistant
C70R_C70R.bcIFUU_499,resistant
C70R_C70R.bcHZLH_501,resistant
C70R_C70R.bcEGHN_502,resistant
C70R_C70R.bcHGIP_504,resistant
C70R_C70R.bcIDJY_505,resistant
C70R_C70R.bcEAXV_506,resistant
C70R_C70R.bcAWJY_507,resistant
C70R_C70R.bcEXEL_508,resistant
C70R_C70R.bcABAC_509,resistant
C70R_C70R.bcESSX_510,resistant
C70R_C70R.bcHPHU_511,resistant
C70R_C70R.bcIEFK_512,resistant
C70R_C70R.bcDPNW_513,resistant
C70R_C70R.bcGLAE_515,resistant
C70R_C70R.bcFCXB_516,resistant
C70R_C70R.bcCHLO_517,resistant
C70R_C70R.bcBOWB_518,resistant
C70R_C70R.bcCYEC_519,resistant
C70R_C70R.bcBAOA_520,resistant
C70R_C70R.bcAEUL_522,resistant
C70R_C70R.bcHCFM_523,resistant
C70R_C70R.bcBOXY_524,resistant
C70R_C70R.bcBFDX_525,resistant
C70R_C70R.bcFNAE_526,resistant
C70R_C70R.bcAZZQ_527,resistant
C70R_C70R.bcDFBC_528,resistant
C70R_C70R.bcHFXD_529,resistant
C70R_C70R.bcBQPR_530,resistant
C70R_C70R.bcIJKD_531,resistant
C70R_C70R.bcAKQJ_532,resistant
C70R_C70R.bcGPZN_533,resistant
C70R_C70R.bcFMWL_534,resistant
C70R_C70R.bcHMXA_536,resistant
C70R_C70R.bcCSRC_537,resistant
C70R_C70R.bcEHOY_538,resistant
C70R_C70R.bcFODL_539,resistant
C70R_C70R.bcCHDN_540,resistant
C70R_C70R.bcAGVT_542,resistant
C70R_C70R.bcDCQO_543,resistant
C70R_C70R.bcEALW_544,resistant
C70R_C70R.bcFWAD_546,resistant
C70R_C70R.bcDPEZ_548,resistant
C70R_C70R.bcEHQQ_549,resistant
C70R_C70R.bcCOYJ_550,resistant
C70R_C70R.bcHOKE_551,resistant
C70R_C70R.bcGCHK_552,resistant
C70R_C70R.bcASCJ_553,resistant
C70R_C70R.bcCGFD_554,resistant
C70R_C70R.bcBMRQ_555,resistant
C70R_C70R.bcHJNV_557,resistant
C70R_C70R.bcEGJB_559,resistant
C70R_C70R.bcHRKD_560,resistant
C70R_C70R.bcHMNI_561,resistant
C70R_C70R.bcDREM_563,resistant
C70R_C70R.bcAQBI_564,resistant
C70R_C70R.bcCKNP_565,resistant
C70R_C70R.bcAJCE_566,resistant
C70R_C70R.bcCHPW_568,resistant
C70R_C70R.bcEBWL_569,resistant
C70R_C70R.bcCTLD_570,resistant
C70R_C70R.bcFTYN_573,resistant
C70R_C70R.bcFOTN_575,resistant
C70R_C70R.bcFACX_576,resistant
C70R_C70R.bcGNRG_577,resistant
C70R_C70R.bcEBQT_579,resistant
C70R_C70R.bcCCXZ_580,resistant
C70R_C70R.bcAOJO_581,resistant
C70R_C70R.bcGDIW_582,resistant
C70R_C70R.bcHIDY_583,resistant
C70R_C70R.bcCNDT_584,resistant
C70R_C70R.bcCFZK_586,resistant
C70R_C70R.bcGORI_587,resistant
C70R_C70R.bcALEJ_588,resistant
C70R_C70R.bcDWXR_589,resistant
C70R_C70R.bcCEKE_590,resistant
C70R_C70R.bcDSDJ_594,resistant
C70R_C70R.bcAYKT_595,resistant
C70R_C70R.bcCPUX_597,resistant
C70R_C70R.bcGHXF_598,resistant
C70R_C70R.bcGYMB_599,resistant
C70R_C70R.bcDXRW_600,resistant
C70R_C70R.bcCLRR_601,resistant
C70R_C70R.bcEUXS_602,resistant
C70R_C70R.bcCIKN_603,resistant
C70R_C70R.bcARAH_605,resistant
C70R_C70R.bcBGPF_606,resistant
C70R_C70R.bcFNRB_607,resistant
C70R_C70R.bcBONF_608,resistant
C70R_C70R.bcIFAK_609,resistant
C70R_C70R.bcBBCE_610,resistant
C70R_C70R.bcBDQC_611,resistant
C70R_C70R.bcDNFE_612,resistant
C70R_C70R.bcEMTN_614,resistant
C70R_C70R.bcCENR_615,resistant
C70R_C70R.bcCSMV_616,resistant
C70R_C70R.bcCUBD_620,resistant
C70R_C70R.bcAYSM_622,resistant
C70R_C70R.bcGOUN_623,resistant
C70R_C70R.bcCKKN_625,resistant
C70R_C70R.bcCFVJ_626,resistant
C70R_C70R.bcDEMQ_627,resistant
C70R_C70R.bcDAXB_628,resistant
C70R_C70R.bcGYPR_629,resistant
C70R_C70R.bcBRAV_630,resistant
C70R_C70R.bcFTGG_631,resistant
C70R_C70R.bcDXZR_633,resistant
C70R_C70R.bcHRYH_634,resistant
C70R_C70R.bcHLPI_635,resistant
C70R_C70R.bcCSKP_637,resistant
C70R_C70R.bcBMAC_638,resistant
C70R_C70R.bcEVER_639,resistant
C70R_C70R.bcFNVR_641,resistant
C70R_C70R.bcBIJP_642,resistant
C70R_C70R.bcCQXS_643,resistant
C70R_C70R.bcERZQ_644,resistant
C70R_C70R.bcDQOO_645,resistant
C70R_C70R.bcDETI_646,resistant
C70R_C70R.bcDXAB_647,resistant
C70R_C70R.bcGNQX_648,resistant
C70R_C70R.bcBPYB_649,resistant
C70R_C70R.bcBJPM_651,resistant
C70R_C70R.bcHGRO_653,resistant
C70R_C70R.bcDRWM_654,resistant
C70R_C70R.bcBDLM_656,resistant
C70R_C70R.bcHHQA_657,resistant
C70R_C70R.bcHQJQ_658,resistant
C70R_C70R.bcHVMW_659,resistant
C70R_C70R.bcFJHV_660,resistant
C70R_C70R.bcGVPN_661,resistant
C70R_C70R.bcGDDW_662,resistant
C70R_C70R.bcFASP_664,resistant
C70R_C70R.bcBOHG_665,resistant
C70R_C70R.bcDVUU_666,resistant
C70R_C70R.bcBITP_667,resistant
C70R_C70R.bcBVSR_669,resistant
C70R_C70R.bcHGJS_671,resistant
C70R_C70R.bcFGDY_673,resistant
C70R_C70R.bcDLNQ_674,resistant
C70R_C70R.bcCSWU_675,resistant
C70R_C70R.bcAHAH_676,resistant
C70R_C70R.bcGFNS_678,resistant
C70R_C70R.bcBCUG_680,resistant
C70R_C70R.bcAUVT_681,resistant
C70R_C70R.bcHYXI_682,resistant
C70R_C70R.bcGSXU_685,resistant
C70R_C70R.bcAAMX_686,resistant
C70R_C70R.bcHKCS_687,resistant
C70R_C70R.bcENRY_688,resistant
C70R_C70R.bcFAZW_689,resistant
C70R_C70R.bcHRME_690,resistant
C70R_C70R.bcBKVL_691,resistant
C70R_C70R.bcBDSS_693,resistant
C70R_C70R.bcDLGL_695,resistant
C70R_C70R.bcDWZI_696,resistant
C70R_C70R.bcIJBI_697,resistant
C70R_C70R.bcCNYP_698,resistant
C70R_C70R.bcCTLE_700,resistant
C70R_C70R.bcCENA_701,resistant
C70R_C70R.bcAKLI_702,resistant
C70R_C70R.bcBZZW_703,resistant
C70R_C70R.bcECNO_704,resistant
C70R_C70R.bcCVWO_705,resistant
C70R_C70R.bcCUTH_706,resistant
C70R_C70R.bcBFQK_708,resistant
C70R_C70R.bcCSNG_710,resistant
C70R_C70R.bcASNB_711,resistant
C70R_C70R.bcAXHG_712,resistant
C70R_C70R.bcGTZR_713,resistant
C70R_C70R.bcBPEU_714,resistant
C70R_C70R.bcCPSU_715,resistant
C70R_C70R.bcBOUQ_716,resistant
C70R_C70R.bcGMST_717,resistant
C70R_C70R.bcAEHM_718,resistant
C70R_C70R.bcHKRX_719,resistant
C70R_C70R.bcBATS_720,resistant
C70R_C70R.bcESEM_721,resistant
C70R_C70R.bcGRBS_722,resistant
C70R_C70R.bcDNTO_723,resistant
C70R_C70R.bcAMSX_724,resistant
C70R_C70R.bcAPUV_725,resistant
C70R_C70R.bcDDHS_726,resistant
C70R_C70R.bcAIRT_728,resistant
C70R_C70R.bcEDUQ_729,resistant
C70R_C70R.bcECJG_730,resistant
C70R_C70R.bcASRE_732,resistant
C70R_C70R.bcBGQF_733,resistant
C70R_C70R.bcAEAS_734,resistant
C70R_C70R.bcHBLY_735,resistant
C70R_C70R.bcDPXG_736,resistant
C70R_C70R.bcABIE_737,resistant
C70R_C70R.bcFWHX_738,resistant
C70R_C70R.bcEBNN_740,resistant
C70R_C70R.bcCRRC_742,resistant
C70R_C70R.bcGBHS_743,resistant
C70R_C70R.bcCAFF_745,resistant
C70R_C70R.bcBMNI_746,resistant
C70R_C70R.bcDXHM_747,resistant
C70R_C70R.bcDGPI_748,resistant
C70R_C70R.bcBPKN_749,resistant
C70R_C70R.bcBFQT_751,resistant
C70R_C70R.bcEVYG_752,resistant
C70R_C70R.bcGVPY_753,resistant
C70R_C70R.bcEQBN_754,resistant
C70R_C70R.bcCNNN_755,resistant
C70R_C70R.bcCSSU_756,resistant
C70R_C70R.bcBCPS_757,resistant
C70R_C70R.bcIFGX_758,resistant
C70R_C70R.bcFUAA_759,resistant
C70R_C70R.bcGDFF_760,resistant
C70R_C70R.bcAUPH_761,resistant
C70R_C70R.bcIBWU_762,resistant
C70R_C70R.bcERMR_764,resistant
C70R_C70R.bcELVK_765,resistant
C70R_C70R.bcCLYE_766,resistant
C70R_C70R.bcAUBL_768,resistant
C70R_C70R.bcGAGZ_769,resistant
C70R_C70R.bcGEDU_770,resistant
C70R_C70R.bcGLEL_771,resistant
C70R_C70R.bcHVYJ_772,resistant
C70R_C70R.bcFTNS_773,resistant
C70R_C70R.bcFJUJ_774,resistant
C70R_C70R.bcDSYX_775,resistant
C70R_C70R.bcDNEX_776,resistant
C70R_C70R.bcBJAY_777,resistant
C70R_C70R.bcBFHK_778,resistant
C70R_C70R.bcBQUD_779,resistant
C70R_C70R.bcGQGB_781,resistant
C70R_C70R.bcDMGP_782,resistant
C70R_C70R.bcCJTM_783,resistant
C70R_C70R.bcALEH_784,resistant
C70R_C70R.bcBUKX_786,resistant
C70R_C70R.bcFTWW_788,resistant
C70R_C70R.bcCHZO_790,resistant
C70R_C70R.bcDRNX_792,resistant
C70R_C70R.bcCKFF_793,resistant
C70R_C70R.bcGFBC_794,resistant
C70R_C70R.bcCNVX_795,resistant
C70R_C70R.bcAJBC_796,resistant
C70R_C70R.bcGAZX_797,resistant
C70R_C70R.bcIIBC_798,resistant
C70R_C70R.bcFOQB_799,resistant
C70R_C70R.bcHGRD_800,resistant
C70R_C70R.bcEYDA_801,resistant
C70R_C70R.bcFKHD_802,resistant
C70R_C70R.bcBFMW_803,resistant
C70R_C70R.bcDUMK_804,resistant
C70R_C70R.bcHPSM_805,resistant
C70R_C70R.bcIEUJ_806,resistant
C70R_C70R.bcFNDW_809,resistant
C70R_C70R.bcFOYK_810,resistant
C70R_C70R.bcFLMB_812,resistant
C70R_C70R.bcEPJQ_814,resistant
C70R_C70R.bcEENW_815,resistant
C70R_C70R.bcBVCG_816,resistant
C70R_C70R.bcFFPF_817,resistant
C70R_C70R.bcGBBF_818,resistant
C70R_C70R.bcCUTA_819,resistant
C70R_C70R.bcCZPD_820,resistant
C70R_C70R.bcFGKI_821,resistant
C70R_C70R.bcBGJW_822,resistant
C70R_C70R.bcBKIK_824,resistant
C70R_C70R.bcEDIQ_825,resistant
C70R_C70R.bcBNCD_826,resistant
C70R_C70R.bcHAGV_827,resistant
C70R_C70R.bcAAYT_828,resistant
C70R_C70R.bcFROR_829,resistant
C70R_C70R.bcBFNM_830,resistant
C70R_C70R.bcIIDF_831,resistant
C70R_C70R.bcAETM_832,resistant
C70R_C70R.bcDZRS_833,resistant
C70R_C70R.bcHSJG_834,resistant
C70R_C70R.bcHIDL_835,resistant
C70R_C70R.bcDZJE_836,resistant
C70R_C70R.bcCKIP_837,resistant
C70R_C70R.bcHMDG_838,resistant
C70R_C70R.bcGONN_839,resistant
C70R_C70R.bcAODJ_841,resistant
C70R_C70R.bcDRUX_842,resistant
C70R_C70R.bcCRJJ_843,resistant
C70R_C70R.bcHJQP_845,resistant
C70R_C70R.bcDBZU_846,resistant
C70R_C70R.bcGYZL_847,resistant
C70R_C70R.bcBKMZ_849,resistant
C70R_C70R.bcCZAT_850,resistant
C70R_C70R.bcCUFQ_852,resistant
C70R_C70R.bcGLFS_853,resistant
C70R_C70R.bcGRCA_854,resistant
C70R_C70R.bcGVJS_855,resistant
C70R_C70R.bcICTV_856,resistant
C70R_C70R.bcDULW_857,resistant
C70R_C70R.bcGHTB_858,resistant
C70R_C70R.bcCJAD_861,resistant
C70R_C70R.bcIHFY_862,resistant
C70R_C70R.bcHANV_863,resistant
C70R_C70R.bcBQLZ_864,resistant
C70R_C70R.bcAIOJ_865,resistant
C70R_C70R.bcIDRK_866,resistant
C70R_C70R.bcFYRJ_867,resistant
C70R_C70R.bcHDUQ_868,resistant
C70R_C70R.bcERKW_869,resistant
C70R_C70R.bcFZWF_870,resistant
C70R_C70R.bcHWLY_872,resistant
C70R_C70R.bcFNEI_874,resistant
C70R_C70R.bcBDHG_875,resistant
C70R_C70R.bcHPAF_877,resistant
C70R_C70R.bcCXYY_878,resistant
C70R_C70R.bcFVUA_880,resistant
C70R_C70R.bcGCAI_881,resistant
C70R_C70R.bcGKBN_882,resistant
C70R_C70R.bcCKOB_883,resistant
C70R_C70R.bcFLTI_885,resistant
C70R_C70R.bcEYOX_886,resistant
C70R_C70R.bcHTHR_887,resistant
C70R_C70R.bcFFOQ_888,resistant
C70R_C70R.bcGOZP_889,resistant
C70R_C70R.bcCFHQ_890,resistant
C70R_C70R.bcATXG_891,resistant
C70R_C70R.bcDBHJ_893,resistant
C70R_C70R.bcEJUX_894,resistant
C70R_C70R.bcCWSW_895,resistant
C70R_C70R.bcDHUR_896,resistant
C70R_C70R.bcCORE_897,resistant
C70R_C70R.bcGGKK_898,resistant
C70R_C70R.bcFDLG_899,resistant
C70R_C70R.bcIGZH_901,resistant
C70R_C70R.bcAERS_902,resistant
C70R_C70R.bcFVKQ_903,resistant
C70R_C70R.bcEWPX_906,resistant
C70R_C70R.bcCILJ_907,resistant
C70R_C70R.bcFWUB_908,resistant
C70R_C70R.bcBJYJ_909,resistant
C70R_C70R.bcGYLF_911,resistant
C70R_C70R.bcAKZF_912,resistant
C70R_C70R.bcDZSK_913,resistant
C70R_C70R.bcEDQW_915,resistant
C70R_C70R.bcICXW_916,resistant
C70R_C70R.bcDIVR_917,resistant
C70R_C70R.bcACCF_918,resistant
C70R_C70R.bcCYCX_925,resistant
C70R_C70R.bcAMUU_926,resistant
C70R_C70R.bcCPNL_927,resistant
C70R_C70R.bcAZWN_928,resistant
C70R_C70R.bcFMKH_929,resistant
C70R_C70R.bcAWOP_931,resistant
C70R_C70R.bcDJWI_932,resistant
C70R_C70R.bcHVOM_933,resistant
C70R_C70R.bcFXOJ_934,resistant
C70R_C70R.bcHNSJ_935,resistant
C70R_C70R.bcGUEB_936,resistant
C70R_C70R.bcAMZE_937,resistant
C70R_C70R.bcFTMA_938,resistant
C70R_C70R.bcBVCO_939,resistant
C70R_C70R.bcFGYC_941,resistant
C70R_C70R.bcELOA_942,resistant
C70R_C70R.bcDFEB_943,resistant
C70R_C70R.bcGBVU_944,resistant
C70R_C70R.bcAHIQ_946,resistant
C70R_C70R.bcFEGP_947,resistant
C70R_C70R.bcGYZX_949,resistant
C70R_C70R.bcFDWI_950,resistant
C70R_C70R.bcFGHH_951,resistant
C70R_C70R.bcETLT_953,resistant
C70R_C70R.bcGZXM_955,resistant
C70R_C70R.bcAJFH_957,resistant
C70R_C70R.bcCZKL_958,resistant
C70R_C70R.bcAILW_960,resistant
C70R_C70R.bcEFBC_961,resistant
C70R_C70R.bcCGTP_962,resistant
C70R_C70R.bcAKWS_963,resistant
C70R_C70R.bcHKPM_964,resistant
C70R_C70R.bcGKEZ_966,resistant
C70R_C70R.bcHRWI_968,resistant
C70R_C70R.bcCAKG_969,resistant
C70R_C70R.bcCLRC_970,resistant
C70R_C70R.bcCTJM_971,resistant
C70R_C70R.bcAFOY_972,resistant
C70R_C70R.bcGAYI_973,resistant
C70R_C70R.bcCATK_974,resistant
C70R_C70R.bcFQDR_975,resistant
C70R_C70R.bcFOSI_977,resistant
C70R_C70R.bcHLVQ_978,resistant
C70R_C70R.bcCGQS_980,resistant
C70R_C70R.bcIBGV_981,resistant
C70R_C70R.bcGODH_983,resistant
C70R_C70R.bcANCM_984,resistant
C70R_C70R.bcAPJG_985,resistant
C70R_C70R.bcEQXL_986,resistant
C70R_C70R.bcFKQG_988,resistant
C70R_C70R.bcGJPB_989,resistant
C70R_C70R.bcFAYP_990,resistant
C70R_C70R.bcEAZY_991,resistant
C70R_C70R.bcAYTW_992,resistant
C70R_C70R.bcGUKB_994,resistant
C70R_C70R.bcHIYN_996,resistant
C70R_C70R.bcFKMD_997,resistant
C70R_C70R.bcEKBP_998,resistant
C70R_C70R.bcFIHA_1000,resistant
C70R_C70R.bcIAFW_1002,resistant
C70R_C70R.bcBIQU_1003,resistant
C70R_C70R.bcAJVV_1005,resistant
C70R_C70R.bcBNDD_1006,resistant
C70R_C70R.bcEGJR_1007,resistant
C70R_C70R.bcFIYF_1008,resistant
C70R_C70R.bcGLGW_1009,resistant
C70R_C70R.bcAYSL_1010,resistant
C70R_C70R.bcELGA_1013,resistant
C70R_C70R.bcFFCD_1014,resistant
C70R_C70R.bcAAGM_1016,resistant
C70R_C70R.bcBDPK_1017,resistant
C70R_C70R.bcGNOO_1018,resistant
C70R_C70R.bcIBBS_1020,resistant
C70R_C70R.bcHHAF_1021,resistant
C70R_C70R.bcHWIK_1022,resistant
C70R_C70R.bcDCVH_1023,resistant
C70R_C70R.bcGTYS_1024,resistant
C70R_C70R.bcFRKI_1025,resistant
C70R_C70R.bcALWJ_1026,resistant
C70R_C70R.bcFTBI_1027,resistant
C70R_C70R.bcBEHB_1028,resistant
C70R_C70R.bcDQGN_1030,resistant
C70R_C70R.bcFFXD_1032,resistant
C70R_C70R.bcBRQC_1033,resistant
C70R_C70R.bcBCVW_1034,resistant
C70R_C70R.bcEQBD_1035,resistant
C70R_C70R.bcCERP_1036,resistant
C70R_C70R.bcBCAS_1037,resistant
C70R_C70R.bcFBCX_1039,resistant
C70R_C70R.bcCZRD_1040,resistant
C70R_C70R.bcDBIG_1041,resistant
C70R_C70R.bcHCTL_1042,resistant
C70R_C70R.bcCYYS_1044,resistant
C70R_C70R.bcDIET_1045,resistant
C70R_C70R.bcEVLH_1046,resistant
C70R_C70R.bcGSVS_1047,resistant
C70R_C70R.bcFNKP_1048,resistant
C70R_C70R.bcEQLP_1049,resistant
C70R_C70R.bcGNJC_1050,resistant
C70R_C70R.bcCJQH_1051,resistant
C70R_C70R.bcIFUT_1052,resistant
C70R_C70R.bcARWI_1053,resistant
C70R_C70R.bcHNKR_1054,resistant
C70R_C70R.bcEIZA_1056,resistant
C70R_C70R.bcCZSQ_1059,resistant
C70R_C70R.bcBNYN_1060,resistant
C70R_C70R.bcAIYS_1061,resistant
C70R_C70R.bcFZQB_1062,resistant
C70R_C70R.bcDTUE_1063,resistant
C70R_C70R.bcFKQO_1065,resistant
C70R_C70R.bcEDHA_1066,resistant
C70R_C70R.bcFUPQ_1067,resistant
C70R_C70R.bcDBAI_1069,resistant
C70R_C70R.bcAUCE_1070,resistant
C70R_C70R.bcBNWJ_1071,resistant
C70R_C70R.bcFVKZ_1072,resistant
C70R_C70R.bcARLG_1073,resistant
C70R_C70R.bcBBUG_1076,resistant
C70R_C70R.bcBKHD_1077,resistant
C70R_C70R.bcGJGB_1078,resistant
C70R_C70R.bcEHBH_1079,resistant
C70R_C70R.bcBIEM_1080,resistant
C70R_C70R.bcCIPD_1081,resistant
C70R_C70R.bcCLKP_1082,resistant
C70R_C70R.bcFWOZ_1084,resistant
C70R_C70R.bcHFCF_1085,resistant
C70R_C70R.bcABMQ_1086,resistant
C70R_C70R.bcFTFF_1088,resistant
C70R_C70R.bcESZF_1089,resistant
C70R_C70R.bcASQH_1091,resistant
C70R_C70R.bcGNLJ_1094,resistant
C70R_C70R.bcCDEX_1096,resistant
C70R_C70R.bcBFPL_1097,resistant
C70R_C70R.bcDIUV_1098,resistant
C70R_C70R.bcIIJW_1099,resistant
C70R_C70R.bcBHWR_1101,resistant
C70R_C70R.bcGSMN_1102,resistant
C70R_C70R.bcACBH_1103,resistant
C70R_C70R.bcFWLW_1104,resistant
C70R_C70R.bcHCZC_1105,resistant
C70R_C70R.bcIFYQ_1108,resistant
C70R_C70R.bcAVKF_1109,resistant
C70R_C70R.bcCMMO_1110,resistant
C70R_C70R.bcCORR_1111,resistant
C70R_C70R.bcCTNP_1112,resistant
C70R_C70R.bcEMTX_1113,resistant
C70R_C70R.bcCWLF_1114,resistant
C70R_C70R.bcHOPQ_1115,resistant
C70R_C70R.bcAJBI_1117,resistant
C70R_C70R.bcBVYG_1118,resistant
C70R_C70R.bcDENC_1119,resistant
C70R_C70R.bcHBLB_1121,resistant
C70R_C70R.bcEEFE_1122,resistant
C70R_C70R.bcEXZY_1123,resistant
C70R_C70R.bcHVMF_1124,resistant
C70R_C70R.bcHMMK_1126,resistant
C70R_C70R.bcARGM_1127,resistant
C70R_C70R.bcEZIN_1129,resistant
C70R_C70R.bcARTY_1130,resistant
C70R_C70R.bcELNS_1131,resistant
C70R_C70R.bcECGS_1132,resistant
C70R_C70R.bcAOCY_1133,resistant
C70R_C70R.bcEFPM_1134,resistant
C70R_C70R.bcEGCU_1135,resistant
C70R_C70R.bcCAVO_1136,resistant
C70R_C70R.bcCCGL_1137,resistant
C70R_C70R.bcEDIA_1138,resistant
C70R_C70R.bcHWYI_1139,resistant
C70R_C70R.bcGHXW_1140,resistant
C70R_C70R.bcBRAG_1141,resistant
C70R_C70R.bcHZFO_1147,resistant
C70R_C70R.bcGBRO_1148,resistant
C70R_C70R.bcBUUB_1149,resistant
C70R_C70R.bcAJFK_1151,resistant
C70R_C70R.bcEDGD_1152,resistant
C70R_C70R.bcDQGS_1153,resistant
C70R_C70R.bcAWNV_1155,resistant
C70R_C70R.bcARSY_1157,resistant
C70R_C70R.bcDTRV_1158,resistant
C70R_C70R.bcCTXA_1159,resistant
C70R_C70R.bcAFWO_1160,resistant
C70R_C70R.bcDJVP_1161,resistant
C70R_C70R.bcAEBS_1162,resistant
C70R_C70R.bcHJVU_1163,resistant
C70R_C70R.bcBTBL_1164,resistant
C70R_C70R.bcHSBQ_1166,resistant
C70R_C70R.bcAYQC_1167,resistant
C70R_C70R.bcFEKJ_1168,resistant
C70R_C70R.bcALBA_1169,resistant
C70R_C70R.bcDFAR_1170,resistant
C70R_C70R.bcDEUK_1171,resistant
C70R_C70R.bcBJRI_1172,resistant
C70R_C70R.bcBKUP_1173,resistant
C70R_C70R.bcGIQB_1174,resistant
C70R_C70R.bcCCKJ_1175,resistant
C70R_C70R.bcCLDX_1176,resistant
C70R_C70R.bcFVFO_1177,resistant
C70R_C70R.bcDMCF_1178,resistant
C70R_C70R.bcAFQN_1179,resistant
C70R_C70R.bcEAKZ_1180,resistant
C70R_C70R.bcICZK_1181,resistant
C70R_C70R.bcFOFE_1183,resistant
C70R_C70R.bcAHPD_1184,resistant
C70R_C70R.bcAUQC_1186,resistant
C70R_C70R.bcELHH_1187,resistant
C70R_C70R.bcCMYW_1188,resistant
C70R_C70R.bcEYDB_1189,resistant
C70R_C70R.bcBNUH_1191,resistant
C70R_C70R.bcHACW_1192,resistant
C70R_C70R.bcDGTF_1193,resistant
C70R_C70R.bcDDMR_1195,resistant
C70R_C70R.bcATBZ_1196,resistant
C70R_C70R.bcCFIV_1197,resistant
C70R_C70R.bcICRR_1200,resistant
C70R_C70R.bcCAYX_1201,resistant
C70R_C70R.bcFTSP_1202,resistant
C70R_C70R.bcEPCB_1203,resistant
C70R_C70R.bcBBVR_1204,resistant
C70R_C70R.bcFSXX_1205,resistant
C70R_C70R.bcCLZT_1206,resistant
C70R_C70R.bcCTOG_1207,resistant
C70R_C70R.bcDBIO_1209,resistant
C70R_C70R.bcAJBY_1211,resistant
C70R_C70R.bcHEDW_1213,resistant
C70R_C70R.bcFDCU_1214,resistant
C70R_C70R.bcDUEA_1216,resistant
C70R_C70R.bcIBWP_1217,resistant
C70R_C70R.bcFGEF_1218,resistant
C70R_C70R.bcFXLB_1219,resistant
C70R_C70R.bcBHSH_1220,resistant
C70R_C70R.bcCXQV_1222,resistant
C70R_C70R.bcATCW_1224,resistant
C70R_C70R.bcENKF_1225,resistant
C70R_C70R.bcIDNN_1226,resistant
C70R_C70R.bcHFDA_1227,resistant
C70R_C70R.bcEDRZ_1230,resistant
C70R_C70R.bcBVQP_1232,resistant
C70R_C70R.bcIIJE_1234,resistant
C70R_C70R.bcICPX_1235,resistant
C70R_C70R.bcGMWW_1236,resistant
C70R_C70R.bcDYKK_1239,resistant
C70R_C70R.bcBKSA_1242,resistant
C70R_C70R.bcDWOW_1244,resistant
C70R_C70R.bcGYKU_1245,resistant
C70R_C70R.bcDAGC_1246,resistant
C70R_C70R.bcDCNC_1247,resistant
C70R_C70R.bcHUJS_1248,resistant
C70R_C70R.bcADJX_1249,resistant
C70R_C70R.bcAOSN_1250,resistant
C70R_C70R.bcBYLG_1251,resistant
C70R_C70R.bcDMNZ_1252,resistant
C70R_C70R.bcHIAU_1253,resistant
C70R_C70R.bcEWMH_1255,resistant
C70R_C70R.bcFIEI_1256,resistant
C70R_C70R.bcHFRU_1257,resistant
C70R_C70R.bcFAJD_1259,resistant
C70R_C70R.bcFDQB_1260,resistant
C70R_C70R.bcBXXO_1262,resistant
C70R_C70R.bcELSZ_1263,resistant
C70R_C70R.bcDJEQ_1264,resistant
C70R_C70R.bcAJBO_1265,resistant
C70R_C70R.bcGGRO_1267,resistant
C70R_C70R.bcFEMB_1268,resistant
C70R_C70R.bcANSE_1269,resistant
C70R_C70R.bcHUJN_1270,resistant
C70R_C70R.bcFXXG_1272,resistant
C70R_C70R.bcEHIA_1273,resistant
C70R_C70R.bcDSPJ_1276,resistant
C70R_C70R.bcEFKC_1277,resistant
C70R_C70R.bcDCNQ_1278,resistant
C70R_C70R.bcFLSN_1279,resistant
C70R_C70R.bcAFSZ_1280,resistant
C70R_C70R.bcBDSL_1281,resistant
C70R_C70R.bcDBRR_1282,resistant
C70R_C70R.bcDZIQ_1283,resistant
C70R_C70R.bcEJMI_1284,resistant
C70R_C70R.bcAUQZ_1285,resistant
C70R_C70R.bcCZEO_1286,resistant
C70R_C70R.bcACIC_1287,resistant
C70R_C70R.bcADTI_1288,resistant
C70R_C70R.bcDAOB_1289,resistant
C70R_C70R.bcFIXJ_1290,resistant
C70R_C70R.bcFWPP_1291,resistant
C70R_C70R.bcFVOQ_1292,resistant
C70R_C70R.bcENGM_1293,resistant
C70R_C70R.bcDYUU_1294,resistant
C70R_C70R.bcGAEF_1295,resistant
C70R_C70R.bcAYAX_1296,resistant
C70R_C70R.bcFBEI_1297,resistant
C70R_C70R.bcEBOS_1298,resistant
C70R_C70R.bcAIWS_1299,resistant
C70R_C70R.bcBXFL_1301,resistant
C70R_C70R.bcCWXE_1303,resistant
C70R_C70R.bcAYRT_1304,resistant
C70R_C70R.bcDVNQ_1306,resistant
C70R_C70R.bcBFUI_1307,resistant
C70R_C70R.bcAHIY_1309,resistant
C70R_C70R.bcDRIY_1310,resistant
C70R_C70R.bcDLMO_1311,resistant
C70R_C70R.bcFBRC_1312,resistant
C70R_C70R.bcHFEY_1313,resistant
C70R_C70R.bcGVFJ_1314,resistant
C70R_C70R.bcDMXP_1315,resistant
C70R_C70R.bcFSMG_1316,resistant
C70R_C70R.bcBHTF_1317,resistant
C70R_C70R.bcHQBV_1318,resistant
C70R_C70R.bcDOXS_1320,resistant
C70R_C70R.bcBKMN_1323,resistant
C70R_C70R.bcHRDV_1325,resistant
C70R_C70R.bcCXZJ_1326,resistant
C70R_C70R.bcCYSU_1327,resistant
C70R_C70R.bcESSJ_1328,resistant
C70R_C70R.bcBMJQ_1329,resistant
C70R_C70R.bcENWK_1330,resistant
C70R_C70R.bcBAAD_1331,resistant
C70R_C70R.bcCBJZ_1332,resistant
C70R_C70R.bcAABG_1334,resistant
C70R_C70R.bcGPPE_1336,resistant
C70R_C70R.bcFZMO_1337,resistant
C70R_C70R.bcEEHE_1338,resistant
C70R_C70R.bcDAHX_1339,resistant
C70R_C70R.bcADQE_1340,resistant
C70R_C70R.bcBUDL_1341,resistant
C70R_C70R.bcEQAM_1342,resistant
C70R_C70R.bcAEWX_1343,resistant
C70R_C70R.bcAIUT_1344,resistant
C70R_C70R.bcEPTJ_1345,resistant
C70R_C70R.bcBZRM_1346,resistant
C70R_C70R.bcBGFU_1347,resistant
C70R_C70R.bcCBAQ_1348,resistant
C70R_C70R.bcFMUO_1350,resistant
C70R_C70R.bcFOXN_1351,resistant
C70R_C70R.bcGKKO_1352,resistant
C70R_C70R.bcDTHU_1353,resistant
C70R_C70R.bcCGOD_1354,resistant
C70R_C70R.bcHIWF_1355,resistant
C70R_C70R.bcACUG_1356,resistant
C70R_C70R.bcERCL_1357,resistant
C70R_C70R.bcEEZR_1358,resistant
C70R_C70R.bcARTK_1359,resistant
C70R_C70R.bcAGER_1360,resistant
C70R_C70R.bcDMSA_1362,resistant
C70R_C70R.bcEMSE_1363,resistant
C70R_C70R.bcCZXF_1364,resistant
C70R_C70R.bcEXLG_1365,resistant
C70R_C70R.bcBIOI_1366,resistant
C70R_C70R.bcAOCE_1367,resistant
C70R_C70R.bcBTAD_1369,resistant
C70R_C70R.bcELZU_1370,resistant
C70R_C70R.bcIGRJ_1371,resistant
C70R_C70R.bcDSIU_1372,resistant
C70R_C70R.bcAPOW_1373,resistant
C70R_C70R.bcAZDC_1374,resistant
C70R_C70R.bcDPUN_1376,resistant
C70R_C70R.bcEVFB_1377,resistant
C70R_C70R.bcIEYF_1378,resistant
C70R_C70R.bcHQAH_1379,resistant
C70R_C70R.bcHXBE_1380,resistant
C70R_C70R.bcHIZS_1382,resistant
C70R_C70R.bcDRUS_1384,resistant
C70R_C70R.bcDDCD_1386,resistant
C70R_C70R.bcERSY_1387,resistant
C70R_C70R.bcCALV_1388,resistant
C70R_C70R.bcCCSL_1389,resistant
C70R_C70R.bcEYVI_1390,resistant
C70R_C70R.bcBFPB_1392,resistant
C70R_C70R.bcAMQF_1393,resistant
C70R_C70R.bcGICY_1394,resistant
C70R_C70R.bcBMFB_1395,resistant
C70R_C70R.bcBTUI_1396,resistant
C70R_C70R.bcHFVN_1397,resistant
C70R_C70R.bcBJYX_1398,resistant
C70R_C70R.bcHFFP_1399,resistant
C70R_C70R.bcFPPS_1400,resistant
C70R_C70R.bcGGNO_1401,resistant
C70R_C70R.bcEMZP_1402,resistant
C70R_C70R.bcBFUT_1403,resistant
C70R_C70R.bcFTEL_1404,resistant
C70R_C70R.bcFVKY_1405,resistant
C70R_C70R.bcGAVR_1406,resistant
C70R_C70R.bcFSPH_1407,resistant
C70R_C70R.bcFKWG_1408,resistant
C70R_C70R.bcBYXE_1409,resistant
C70R_C70R.bcAMZB_1411,resistant
C70R_C70R.bcFVOH_1413,resistant
C70R_C70R.bcGTHC_1415,resistant
C70R_C70R.bcCKVI_1416,resistant
C70R_C70R.bcGTJA_1418,resistant
C70R_C70R.bcGCIV_1419,resistant
C70R_C70R.bcDPSD_1420,resistant
C70R_C70R.bcCNZY_1421,resistant
C70R_C70R.bcEAAY_1422,resistant
C70R_C70R.bcDIVF_1423,resistant
C70R_C70R.bcHTCK_1424,resistant
C70R_C70R.bcGTFU_1425,resistant
C70R_C70R.bcDNDF_1426,resistant
C70R_C70R.bcHKLV_1427,resistant
C70R_C70R.bcHCLP_1428,resistant
C70R_C70R.bcEGIZ_1429,resistant
C70R_C70R.bcBVWV_1430,resistant
C70R_C70R.bcDZNF_1431,resistant
C70R_C70R.bcHAOZ_1432,resistant
C70R_C70R.bcDLYQ_1433,resistant
C70R_C70R.bcEPUJ_1434,resistant
C70R_C70R.bcFHTQ_1435,resistant
C70R_C70R.bcGMAY_1436,resistant
C70R_C70R.bcDIIL_1437,resistant
C70R_C70R.bcHICY_1438,resistant
C70R_C70R.bcCIVM_1439,resistant
C70R_C70R.bcDGMA_1440,resistant
C70R_C70R.bcHVKF_1442,resistant
C70R_C70R.bcGIAN_1443,resistant
C70R_C70R.bcBUPS_1444,resistant
C70R_C70R.bcIGSD_1445,resistant
C70R_C70R.bcBGYE_1447,resistant
C70R_C70R.bcAYIH_1448,resistant
C70R_C70R.bcDXXI_1449,resistant
C70R_C70R.bcHYXT_1450,resistant
C70R_C70R.bcGLHD_1451,resistant
C70R_C70R.bcCDKO_1453,resistant
C70R_C70R.bcAEGA_1456,resistant
C70R_C70R.bcBIRO_1457,resistant
C70R_C70R.bcAWEH_1459,resistant
C70R_C70R.bcDSBP_1460,resistant
C70R_C70R.bcDPZP_1462,resistant
C70R_C70R.bcICNX_1463,resistant
C70R_C70R.bcDLCY_1464,resistant
C70R_C70R.bcFIXW_1466,resistant
C70R_C70R.bcBFQP_1467,resistant
C70R_C70R.bcBQWU_1469,resistant
C70R_C70R.bcFNGB_1470,resistant
C70R_C70R.bcCUWC_1471,resistant
C70R_C70R.bcBENO_1472,resistant
C70R_C70R.bcFAOV_1473,resistant
C70R_C70R.bcGITU_1474,resistant
C70R_C70R.bcFQIW_1475,resistant
C70R_C70R.bcIFSD_1476,resistant
C70R_C70R.bcEARB_1477,resistant
C70R_C70R.bcGLFP_1478,resistant
C70R_C70R.bcCNNR_1480,resistant
C70R_C70R.bcGRQM_1481,resistant
C70R_C70R.bcESCO_1482,resistant
C70R_C70R.bcCYAY_1483,resistant
C70R_C70R.bcGUUU_1484,resistant
C70R_C70R.bcDGGA_1488,resistant
C70R_C70R.bcGXXR_1490,resistant
C70R_C70R.bcCXKS_1491,resistant
C70R_C70R.bcAJMW_1492,resistant
C70R_C70R.bcESZX_1493,resistant
C70R_C70R.bcEKPG_1494,resistant
C70R_C70R.bcFDAY_1495,resistant
C70R_C70R.bcGDOK_1496,resistant
C70R_C70R.bcEFSB_1498,resistant
C70R_C70R.bcCFTO_1500,resistant
C70R_C70R.bcHGOI_1501,resistant
C70R_C70R.bcDASD_1502,resistant
C70R_C70R.bcEFGZ_1503,resistant
C70R_C70R.bcAZMY_1504,resistant
C70R_C70R.bcGLBS_1505,resistant
C70R_C70R.bcBUPM_1506,resistant
C70R_C70R.bcFZGN_1507,resistant
C70R_C70R.bcEPXP_1508,resistant
C70R_C70R.bcGGBA_1510,resistant
C70R_C70R.bcFZFH_1512,resistant
C70R_C70R.bcDHJM_1513,resistant
C70R_C70R.bcFZEN_1515,resistant
C70R_C70R.bcBTLF_1518,resistant
C70R_C70R.bcDCRN_1520,resistant
C70R_C70R.bcCQPM_1521,resistant
C70R_C70R.bcEWGR_1524,resistant
C70R_C70R.bcGLOG_1525,resistant
C70R_C70R.bcGCKD_1526,resistant
C70R_C70R.bcAFRA_1527,resistant
C70R_C70R.bcHWOP_1529,resistant
C70R_C70R.bcFTGT_1530,resistant
C70R_C70R.bcGDBO_1531,resistant
C70R_C70R.bcDYAW_1532,resistant
C70R_C70R.bcDADV_1535,resistant
C70R_C70R.bcCPSR_1536,resistant
C70R_C70R.bcCYTZ_1537,resistant
C70R_C70R.bcEDWE_1538,resistant
C70R_C70R.bcFQPQ_1540,resistant
C70R_C70R.bcDVNS_1541,resistant
C70R_C70R.bcBQIS_1542,resistant
C70R_C70R.bcAHDC_1543,resistant
C70R_C70R.bcHHXH_1544,resistant
C70R_C70R.bcDXGN_1545,resistant
C70R_C70R.bcCFRC_1546,resistant
C70R_C70R.bcGOCQ_1547,resistant
C70R_C70R.bcDRFB_1548,resistant
C70R_C70R.bcFFTB_1549,resistant
C70R_C70R.bcHNUF_1550,resistant
C70R_C70R.bcECJX_1551,resistant
C70R_C70R.bcCGMB_1552,resistant
C70R_C70R.bcDMHS_1553,resistant
C70R_C70R.bcFPHS_1554,resistant
C70R_C70R.bcCSBB_1555,resistant
C70R_C70R.bcDZLQ_1557,resistant
C70R_C70R.bcIDIX_1558,resistant
C70R_C70R.bcGTVO_1559,resistant
C70R_C70R.bcARTN_1560,resistant
C70R_C70R.bcBDHR_1561,resistant
C70R_C70R.bcBYQK_1562,resistant
C70R_C70R.bcDYDK_1564,resistant
C70R_C70R.bcHNCF_1566,resistant
C70R_C70R.bcFOIM_1567,resistant
C70R_C70R.bcCNLA_1568,resistant
C70R_C70R.bcFUBG_1570,resistant
C70R_C70R.bcBXQA_1573,resistant
C70R_C70R.bcDVPR_1574,resistant
C70R_C70R.bcEZPI_1575,resistant
C70R_C70R.bcDLTU_1576,resistant
MCF7_MCF7.bcAONH_1577,sensitive
MCF7_MCF7.bcDILR_1578,sensitive
MCF7_MCF7.bcFUVU_1580,sensitive
MCF7_MCF7.bcFXIV_1581,sensitive
MCF7_MCF7.bcARAT_1584,sensitive
MCF7_MCF7.bcGHHN_1585,sensitive
MCF7_MCF7.bcBDDG_1586,sensitive
MCF7_MCF7.bcFOLL_1587,sensitive
MCF7_MCF7.bcHQGC_1589,sensitive
MCF7_MCF7.bcFXFV_1590,sensitive
MCF7_MCF7.bcEITH_1591,sensitive
MCF7_MCF7.bcDGIA_1592,sensitive
MCF7_MCF7.bcAVXN_1596,sensitive
MCF7_MCF7.bcGCRN_1597,sensitive
MCF7_MCF7.bcICMC_1599,sensitive
MCF7_MCF7.bcDNCL_1600,sensitive
MCF7_MCF7.bcFLPI_1601,sensitive
MCF7_MCF7.bcAXQK_1602,sensitive
MCF7_MCF7.bcICSF_1603,sensitive
MCF7_MCF7.bcCFFE_1604,sensitive
MCF7_MCF7.bcDOVR_1605,sensitive
MCF7_MCF7.bcHMEY_1607,sensitive
MCF7_MCF7.bcEWQU_1609,sensitive
MCF7_MCF7.bcHVCM_1610,sensitive
MCF7_MCF7.bcCXVK_1611,sensitive
MCF7_MCF7.bcCITK_1612,sensitive
MCF7_MCF7.bcDPKL_1613,sensitive
MCF7_MCF7.bcGYQJ_1614,sensitive
MCF7_MCF7.bcHHAS_1615,sensitive
MCF7_MCF7.bcBFQT_1618,sensitive
MCF7_MCF7.bcCNAC_1619,sensitive
MCF7_MCF7.bcEKNK_1620,sensitive
MCF7_MCF7.bcGDOD_1621,sensitive
MCF7_MCF7.bcDNMA_1622,sensitive
MCF7_MCF7.bcEQWO_1623,sensitive
MCF7_MCF7.bcAIRT_1624,sensitive
MCF7_MCF7.bcDVCA_1625,sensitive
MCF7_MCF7.bcHIOA_1627,sensitive
MCF7_MCF7.bcBXUK_1628,sensitive
MCF7_MCF7.bcCJFY_1629,sensitive
MCF7_MCF7.bcAZOP_1630,sensitive
MCF7_MCF7.bcFCXL_1631,sensitive
MCF7_MCF7.bcDJBI_1632,sensitive
MCF7_MCF7.bcCHNX_1634,sensitive
MCF7_MCF7.bcAEIR_1635,sensitive
MCF7_MCF7.bcFYOU_1637,sensitive
MCF7_MCF7.bcGTGT_1638,sensitive
MCF7_MCF7.bcGEQK_1641,sensitive
MCF7_MCF7.bcAACB_1642,sensitive
MCF7_MCF7.bcBUMF_1643,sensitive
MCF7_MCF7.bcENGA_1644,sensitive
MCF7_MCF7.bcAOHZ_1645,sensitive
MCF7_MCF7.bcIEVS_1646,sensitive
MCF7_MCF7.bcHPZJ_1647,sensitive
MCF7_MCF7.bcDAQS_1648,sensitive
MCF7_MCF7.bcGPWG_1649,sensitive
MCF7_MCF7.bcAOFP_1650,sensitive
MCF7_MCF7.bcGYUK_1651,sensitive
MCF7_MCF7.bcCVWZ_1652,sensitive
MCF7_MCF7.bcDTDK_1653,sensitive
MCF7_MCF7.bcEKQF_1654,sensitive
MCF7_MCF7.bcFXGY_1655,sensitive
MCF7_MCF7.bcHVUP_1656,sensitive
MCF7_MCF7.bcGWNX_1657,sensitive
MCF7_MCF7.bcBLYP_1658,sensitive
MCF7_MCF7.bcGOBD_1659,sensitive
MCF7_MCF7.bcGCGG_1660,sensitive
MCF7_MCF7.bcBWIG_1661,sensitive
MCF7_MCF7.bcAFUD_1663,sensitive
MCF7_MCF7.bcBYWP_1664,sensitive
MCF7_MCF7.bcDYYR_1666,sensitive
MCF7_MCF7.bcCUEH_1667,sensitive
MCF7_MCF7.bcIDXB_1669,sensitive
MCF7_MCF7.bcDXBY_1672,sensitive
MCF7_MCF7.bcBWKG_1673,sensitive
MCF7_MCF7.bcHDQD_1674,sensitive
MCF7_MCF7.bcGOLF_1675,sensitive
MCF7_MCF7.bcAFUO_1676,sensitive
MCF7_MCF7.bcDTRY_1677,sensitive
MCF7_MCF7.bcAQMT_1678,sensitive
MCF7_MCF7.bcCMNR_1680,sensitive
MCF7_MCF7.bcBVKG_1681,sensitive
MCF7_MCF7.bcBFYT_1682,sensitive
MCF7_MCF7.bcAWTB_1685,sensitive
MCF7_MCF7.bcBVEU_1686,sensitive
MCF7_MCF7.bcBLEY_1687,sensitive
MCF7_MCF7.bcHPAD_1688,sensitive
MCF7_MCF7.bcFSFD_1689,sensitive
MCF7_MCF7.bcIBAB_1690,sensitive
MCF7_MCF7.bcFBRS_1692,sensitive
MCF7_MCF7.bcDWQW_1693,sensitive
MCF7_MCF7.bcHUJR_1694,sensitive
MCF7_MCF7.bcAXAO_1695,sensitive
MCF7_MCF7.bcHTHN_1696,sensitive
MCF7_MCF7.bcAQKX_1697,sensitive
MCF7_MCF7.bcGCAA_1698,sensitive
MCF7_MCF7.bcHDNW_1699,sensitive
MCF7_MCF7.bcALQP_1700,sensitive
MCF7_MCF7.bcAFCH_1701,sensitive
MCF7_MCF7.bcEDMD_1703,sensitive
MCF7_MCF7.bcEFCD_1704,sensitive
MCF7_MCF7.bcFRSC_1705,sensitive
MCF7_MCF7.bcGGLJ_1707,sensitive
MCF7_MCF7.bcHMSQ_1708,sensitive
MCF7_MCF7.bcHEUF_1709,sensitive
MCF7_MCF7.bcCTOO_1711,sensitive
MCF7_MCF7.bcGTNK_1712,sensitive
MCF7_MCF7.bcFDED_1713,sensitive
MCF7_MCF7.bcEAQY_1715,sensitive
MCF7_MCF7.bcIHLJ_1716,sensitive
MCF7_MCF7.bcIGXB_1717,sensitive
MCF7_MCF7.bcFBPJ_1718,sensitive
MCF7_MCF7.bcHXXL_1719,sensitive
MCF7_MCF7.bcAXDW_1720,sensitive
MCF7_MCF7.bcCTDE_1721,sensitive
MCF7_MCF7.bcCMHX_1722,sensitive
MCF7_MCF7.bcEMTK_1723,sensitive
MCF7_MCF7.bcDRDM_1724,sensitive
MCF7_MCF7.bcARMD_1725,sensitive
MCF7_MCF7.bcEKGA_1726,sensitive
MCF7_MCF7.bcGIID_1727,sensitive
MCF7_MCF7.bcIHON_1728,sensitive
MCF7_MCF7.bcDCHU_1729,sensitive
MCF7_MCF7.bcEQCQ_1730,sensitive
MCF7_MCF7.bcFRSS_1731,sensitive
MCF7_MCF7.bcDFKD_1733,sensitive
MCF7_MCF7.bcAZBX_1734,sensitive
MCF7_MCF7.bcICSZ_1735,sensitive
MCF7_MCF7.bcFNTL_1736,sensitive
MCF7_MCF7.bcGQLI_1738,sensitive
MCF7_MCF7.bcGPZQ_1739,sensitive
MCF7_MCF7.bcGYMW_1741,sensitive
MCF7_MCF7.bcHIEA_1742,sensitive
MCF7_MCF7.bcAGNW_1743,sensitive
MCF7_MCF7.bcFZUP_1744,sensitive
MCF7_MCF7.bcHFDP_1745,sensitive
MCF7_MCF7.bcDAIJ_1746,sensitive
MCF7_MCF7.bcIAWC_1747,sensitive
MCF7_MCF7.bcFQRH_1748,sensitive
MCF7_MCF7.bcGPYF_1749,sensitive
MCF7_MCF7.bcEFUQ_1750,sensitive
MCF7_MCF7.bcFDNM_1751,sensitive
MCF7_MCF7.bcFTGZ_1752,sensitive
MCF7_MCF7.bcCPOJ_1753,sensitive
MCF7_MCF7.bcHLMY_1754,sensitive
MCF7_MCF7.bcESAZ_1755,sensitive
MCF7_MCF7.bcCBHC_1756,sensitive
MCF7_MCF7.bcCQKW_1757,sensitive
MCF7_MCF7.bcHWOW_1758,sensitive
MCF7_MCF7.bcIDKI_1759,sensitive
MCF7_MCF7.bcHBXI_1760,sensitive
MCF7_MCF7.bcFFYF_1762,sensitive
MCF7_MCF7.bcDQDR_1763,sensitive
MCF7_MCF7.bcFQIR_1764,sensitive
MCF7_MCF7.bcGWJW_1765,sensitive
MCF7_MCF7.bcFEDG_1766,sensitive
MCF7_MCF7.bcGZET_1767,sensitive
MCF7_MCF7.bcECEF_1768,sensitive
MCF7_MCF7.bcCWAR_1769,sensitive
MCF7_MCF7.bcETDR_1770,sensitive
MCF7_MCF7.bcAYKA_1771,sensitive
MCF7_MCF7.bcGULN_1772,sensitive
MCF7_MCF7.bcCJLP_1773,sensitive
MCF7_MCF7.bcFDLQ_1774,sensitive
MCF7_MCF7.bcHWHJ_1776,sensitive
MCF7_MCF7.bcBRBJ_1777,sensitive
MCF7_MCF7.bcEAIW_1778,sensitive
MCF7_MCF7.bcGNSD_1779,sensitive
MCF7_MCF7.bcGUEN_1780,sensitive
MCF7_MCF7.bcAPZT_1781,sensitive
MCF7_MCF7.bcAAIC_1782,sensitive
MCF7_MCF7.bcFWPR_1785,sensitive
MCF7_MCF7.bcEXFF_1786,sensitive
MCF7_MCF7.bcGFDP_1788,sensitive
MCF7_MCF7.bcAJFU_1789,sensitive
MCF7_MCF7.bcFPCH_1790,sensitive
MCF7_MCF7.bcGIVL_1791,sensitive
MCF7_MCF7.bcFHUS_1792,sensitive
MCF7_MCF7.bcCYJY_1793,sensitive
MCF7_MCF7.bcDLHT_1794,sensitive
MCF7_MCF7.bcEBGN_1795,sensitive
MCF7_MCF7.bcDCGO_1796,sensitive
MCF7_MCF7.bcEGPG_1798,sensitive
MCF7_MCF7.bcBXFF_1799,sensitive
MCF7_MCF7.bcETET_1800,sensitive
MCF7_MCF7.bcGNWG_1801,sensitive
MCF7_MCF7.bcDBMW_1802,sensitive
MCF7_MCF7.bcEEQJ_1803,sensitive
MCF7_MCF7.bcBDGV_1805,sensitive
MCF7_MCF7.bcBBOQ_1807,sensitive
MCF7_MCF7.bcAMJE_1808,sensitive
MCF7_MCF7.bcDLGA_1810,sensitive
MCF7_MCF7.bcCLKJ_1811,sensitive
MCF7_MCF7.bcIBVR_1813,sensitive
MCF7_MCF7.bcHJCG_1814,sensitive
MCF7_MCF7.bcFWSL_1815,sensitive
MCF7_MCF7.bcGPQQ_1816,sensitive
MCF7_MCF7.bcFTYF_1817,sensitive
MCF7_MCF7.bcCJXN_1819,sensitive
MCF7_MCF7.bcAWFC_1820,sensitive
MCF7_MCF7.bcGYRL_1823,sensitive
MCF7_MCF7.bcHXWQ_1824,sensitive
MCF7_MCF7.bcBZMS_1826,sensitive
MCF7_MCF7.bcFVUV_1827,sensitive
MCF7_MCF7.bcDBCB_1828,sensitive
MCF7_MCF7.bcHFXK_1829,sensitive
MCF7_MCF7.bcFMRS_1831,sensitive
MCF7_MCF7.bcIIYX_1832,sensitive
MCF7_MCF7.bcHDQH_1834,sensitive
MCF7_MCF7.bcECVT_1835,sensitive
MCF7_MCF7.bcFHTM_1836,sensitive
MCF7_MCF7.bcGDKZ_1837,sensitive
MCF7_MCF7.bcEFHI_1839,sensitive
MCF7_MCF7.bcBLHU_1840,sensitive
MCF7_MCF7.bcFBTN_1841,sensitive
MCF7_MCF7.bcEDXD_1842,sensitive
MCF7_MCF7.bcBWCC_1843,sensitive
MCF7_MCF7.bcCRTG_1844,sensitive
MCF7_MCF7.bcCMOD_1845,sensitive
MCF7_MCF7.bcGMMT_1846,sensitive
MCF7_MCF7.bcHKNO_1847,sensitive
MCF7_MCF7.bcFESX_1848,sensitive
MCF7_MCF7.bcBXJB_1849,sensitive
MCF7_MCF7.bcDMWP_1850,sensitive
MCF7_MCF7.bcBELR_1851,sensitive
MCF7_MCF7.bcCDNT_1852,sensitive
MCF7_MCF7.bcAGCW_1853,sensitive
MCF7_MCF7.bcHHCQ_1854,sensitive
MCF7_MCF7.bcIDVK_1855,sensitive
MCF7_MCF7.bcBYOA_1856,sensitive
MCF7_MCF7.bcFQHG_1858,sensitive
MCF7_MCF7.bcEVWF_1859,sensitive
MCF7_MCF7.bcEJZI_1860,sensitive
MCF7_MCF7.bcDBOY_1861,sensitive
MCF7_MCF7.bcAIOX_1862,sensitive
MCF7_MCF7.bcDYBP_1863,sensitive
MCF7_MCF7.bcAEMG_1864,sensitive
MCF7_MCF7.bcAJAL_1865,sensitive
MCF7_MCF7.bcBJNY_1866,sensitive
MCF7_MCF7.bcCCPG_1868,sensitive
MCF7_MCF7.bcFQMW_1869,sensitive
MCF7_MCF7.bcDZUN_1871,sensitive
MCF7_MCF7.bcAJWN_1872,sensitive
MCF7_MCF7.bcEJND_1875,sensitive
MCF7_MCF7.bcBEFZ_1876,sensitive
MCF7_MCF7.bcIIDG_1878,sensitive
MCF7_MCF7.bcBUOJ_1881,sensitive
MCF7_MCF7.bcAFPW_1882,sensitive
MCF7_MCF7.bcBSRU_1883,sensitive
MCF7_MCF7.bcEIGE_1884,sensitive
MCF7_MCF7.bcECBM_1885,sensitive
MCF7_MCF7.bcCAET_1886,sensitive
MCF7_MCF7.bcCJCV_1887,sensitive
MCF7_MCF7.bcAINS_1888,sensitive
MCF7_MCF7.bcBPSE_1889,sensitive
MCF7_MCF7.bcEJOH_1890,sensitive
MCF7_MCF7.bcHQVD_1891,sensitive
MCF7_MCF7.bcAFLY_1892,sensitive
MCF7_MCF7.bcBNNC_1893,sensitive
MCF7_MCF7.bcFELU_1894,sensitive
MCF7_MCF7.bcDCKJ_1895,sensitive
MCF7_MCF7.bcFFQB_1896,sensitive
MCF7_MCF7.bcDIWZ_1897,sensitive
MCF7_MCF7.bcEZWZ_1898,sensitive
MCF7_MCF7.bcGIZC_1899,sensitive
MCF7_MCF7.bcHDPX_1900,sensitive
MCF7_MCF7.bcCXNP_1901,sensitive
MCF7_MCF7.bcEDMR_1902,sensitive
MCF7_MCF7.bcAAQW_1904,sensitive
MCF7_MCF7.bcAGED_1906,sensitive
MCF7_MCF7.bcERJS_1908,sensitive
MCF7_MCF7.bcDLUM_1909,sensitive
MCF7_MCF7.bcBRPG_1910,sensitive
MCF7_MCF7.bcIIQT_1911,sensitive
MCF7_MCF7.bcGZUR_1912,sensitive
MCF7_MCF7.bcGDKD_1914,sensitive
MCF7_MCF7.bcFGPK_1916,sensitive
MCF7_MCF7.bcEOAG_1917,sensitive
MCF7_MCF7.bcBQYI_1918,sensitive
MCF7_MCF7.bcAGWU_1921,sensitive
MCF7_MCF7.bcGEFW_1922,sensitive
MCF7_MCF7.bcDCMT_1923,sensitive
MCF7_MCF7.bcHOWS_1924,sensitive
MCF7_MCF7.bcBBZY_1927,sensitive
MCF7_MCF7.bcARTH_1928,sensitive
MCF7_MCF7.bcAFSP_1929,sensitive
MCF7_MCF7.bcDGHC_1930,sensitive
MCF7_MCF7.bcDCHK_1931,sensitive
MCF7_MCF7.bcDGZK_1932,sensitive
MCF7_MCF7.bcHMCX_1933,sensitive
MCF7_MCF7.bcABVT_1934,sensitive
MCF7_MCF7.bcBMNR_1935,sensitive
MCF7_MCF7.bcBMON_1936,sensitive
MCF7_MCF7.bcCBDE_1937,sensitive
MCF7_MCF7.bcIDGA_1938,sensitive
MCF7_MCF7.bcHNVD_1939,sensitive
MCF7_MCF7.bcAQGW_1940,sensitive
MCF7_MCF7.bcHCAM_1942,sensitive
MCF7_MCF7.bcBWHX_1943,sensitive
MCF7_MCF7.bcCISM_1944,sensitive
MCF7_MCF7.bcAZWD_1945,sensitive
MCF7_MCF7.bcFIYH_1946,sensitive
MCF7_MCF7.bcBCFS_1948,sensitive
MCF7_MCF7.bcFDLI_1950,sensitive
MCF7_MCF7.bcHFAR_1952,sensitive
MCF7_MCF7.bcFSGN_1954,sensitive
MCF7_MCF7.bcFGJJ_1955,sensitive
MCF7_MCF7.bcDZNN_1956,sensitive
MCF7_MCF7.bcCRSE_1957,sensitive
MCF7_MCF7.bcEZCY_1958,sensitive
MCF7_MCF7.bcAFIP_1960,sensitive
MCF7_MCF7.bcEDCG_1961,sensitive
MCF7_MCF7.bcHHED_1962,sensitive
MCF7_MCF7.bcHBLU_1963,sensitive
MCF7_MCF7.bcAPHI_1964,sensitive
MCF7_MCF7.bcFYOG_1965,sensitive
MCF7_MCF7.bcFOZJ_1966,sensitive
MCF7_MCF7.bcEPGK_1967,sensitive
MCF7_MCF7.bcFYOA_1968,sensitive
MCF7_MCF7.bcAPYV_1969,sensitive
MCF7_MCF7.bcDVFZ_1971,sensitive
MCF7_MCF7.bcADAI_1973,sensitive
MCF7_MCF7.bcAXBP_1974,sensitive
MCF7_MCF7.bcBNJD_1975,sensitive
MCF7_MCF7.bcGAPY_1978,sensitive
MCF7_MCF7.bcAPGO_1980,sensitive
MCF7_MCF7.bcCJDM_1981,sensitive
MCF7_MCF7.bcCQPK_1982,sensitive
MCF7_MCF7.bcGVPP_1983,sensitive
MCF7_MCF7.bcIFRJ_1985,sensitive
MCF7_MCF7.bcHVFD_1986,sensitive
MCF7_MCF7.bcGIYU_1987,sensitive
MCF7_MCF7.bcAMOS_1988,sensitive
MCF7_MCF7.bcBQZR_1989,sensitive
MCF7_MCF7.bcAPDK_1990,sensitive
MCF7_MCF7.bcCPEI_1991,sensitive
MCF7_MCF7.bcDOMZ_1992,sensitive
MCF7_MCF7.bcEASP_1994,sensitive
MCF7_MCF7.bcADBP_1995,sensitive
MCF7_MCF7.bcHFVN_1996,sensitive
MCF7_MCF7.bcBNDE_1997,sensitive
MCF7_MCF7.bcEFPF_1998,sensitive
MCF7_MCF7.bcCSBO_1999,sensitive
MCF7_MCF7.bcBMNO_2000,sensitive
MCF7_MCF7.bcHIOU_2001,sensitive
MCF7_MCF7.bcHXVV_2002,sensitive
MCF7_MCF7.bcAYMA_2003,sensitive
MCF7_MCF7.bcEAXH_2005,sensitive
MCF7_MCF7.bcCALI_2006,sensitive
MCF7_MCF7.bcCEBL_2007,sensitive
MCF7_MCF7.bcIFIT_2008,sensitive
MCF7_MCF7.bcHBML_2009,sensitive
MCF7_MCF7.bcGOGP_2011,sensitive
MCF7_MCF7.bcDGTG_2012,sensitive
MCF7_MCF7.bcBHYP_2013,sensitive
MCF7_MCF7.bcCGNU_2016,sensitive
MCF7_MCF7.bcCJWW_2017,sensitive
MCF7_MCF7.bcBTYS_2018,sensitive
MCF7_MCF7.bcDQGL_2021,sensitive
MCF7_MCF7.bcEIDA_2022,sensitive
MCF7_MCF7.bcAAFK_2023,sensitive
MCF7_MCF7.bcELLQ_2025,sensitive
MCF7_MCF7.bcANYX_2026,sensitive
MCF7_MCF7.bcEUHO_2027,sensitive
MCF7_MCF7.bcFGLT_2028,sensitive
MCF7_MCF7.bcFORS_2030,sensitive
MCF7_MCF7.bcDVEO_2031,sensitive
MCF7_MCF7.bcFJJP_2032,sensitive
MCF7_MCF7.bcGEJV_2033,sensitive
MCF7_MCF7.bcHLFH_2034,sensitive
MCF7_MCF7.bcCTQZ_2035,sensitive
MCF7_MCF7.bcBKTE_2036,sensitive
MCF7_MCF7.bcIGWW_2037,sensitive
MCF7_MCF7.bcGAAC_2039,sensitive
MCF7_MCF7.bcHDAL_2040,sensitive
MCF7_MCF7.bcANSY_2041,sensitive
MCF7_MCF7.bcAVFW_2042,sensitive
MCF7_MCF7.bcCAEE_2044,sensitive
MCF7_MCF7.bcCWTU_2045,sensitive
MCF7_MCF7.bcEZWA_2046,sensitive
MCF7_MCF7.bcEKWX_2047,sensitive
MCF7_MCF7.bcBMXN_2049,sensitive
MCF7_MCF7.bcCEBH_2051,sensitive
MCF7_MCF7.bcGUWP_2052,sensitive
MCF7_MCF7.bcCBHM_2053,sensitive
MCF7_MCF7.bcBPWQ_2054,sensitive
MCF7_MCF7.bcCSJR_2055,sensitive
MCF7_MCF7.bcGJRK_2056,sensitive
MCF7_MCF7.bcGCQO_2057,sensitive
MCF7_MCF7.bcCLYQ_2058,sensitive
MCF7_MCF7.bcDBQB_2059,sensitive
MCF7_MCF7.bcCQZE_2060,sensitive
MCF7_MCF7.bcENFU_2061,sensitive
MCF7_MCF7.bcABDG_2062,sensitive
MCF7_MCF7.bcAOJJ_2063,sensitive
MCF7_MCF7.bcDVGD_2064,sensitive
MCF7_MCF7.bcEOXE_2065,sensitive
MCF7_MCF7.bcFQMJ_2066,sensitive
MCF7_MCF7.bcBZIG_2068,sensitive
MCF7_MCF7.bcDVKN_2069,sensitive
MCF7_MCF7.bcAHFP_2070,sensitive
MCF7_MCF7.bcIENK_2071,sensitive
MCF7_MCF7.bcBZCN_2074,sensitive
MCF7_MCF7.bcCOPU_2075,sensitive
MCF7_MCF7.bcFGMD_2076,sensitive
MCF7_MCF7.bcBUBN_2077,sensitive
MCF7_MCF7.bcEDDJ_2078,sensitive
MCF7_MCF7.bcAMHC_2079,sensitive
MCF7_MCF7.bcDXBZ_2080,sensitive
MCF7_MCF7.bcGRJL_2081,sensitive
MCF7_MCF7.bcAKDD_2083,sensitive
MCF7_MCF7.bcGSEA_2084,sensitive
MCF7_MCF7.bcBMOL_2085,sensitive
MCF7_MCF7.bcASQV_2086,sensitive
MCF7_MCF7.bcGQGE_2087,sensitive
MCF7_MCF7.bcIKBT_2088,sensitive
MCF7_MCF7.bcDYWS_2089,sensitive
MCF7_MCF7.bcESZA_2090,sensitive
MCF7_MCF7.bcBFGD_2091,sensitive
MCF7_MCF7.bcBKVV_2093,sensitive
MCF7_MCF7.bcDKVN_2096,sensitive
MCF7_MCF7.bcBNNT_2097,sensitive
MCF7_MCF7.bcGFDT_2098,sensitive
MCF7_MCF7.bcEZVB_2099,sensitive
MCF7_MCF7.bcHYEV_2100,sensitive
MCF7_MCF7.bcHJDG_2102,sensitive
MCF7_MCF7.bcDCEX_2103,sensitive
MCF7_MCF7.bcFJBU_2105,sensitive
MCF7_MCF7.bcEFNP_2107,sensitive
MCF7_MCF7.bcIENY_2108,sensitive
MCF7_MCF7.bcDYVG_2109,sensitive
MCF7_MCF7.bcAOBF_2110,sensitive
MCF7_MCF7.bcEGEU_2111,sensitive
MCF7_MCF7.bcFWLY_2113,sensitive
MCF7_MCF7.bcGIHO_2115,sensitive
MCF7_MCF7.bcBRCP_2116,sensitive
MCF7_MCF7.bcBWOR_2117,sensitive
MCF7_MCF7.bcCOJD_2121,sensitive
MCF7_MCF7.bcFNZU_2122,sensitive
MCF7_MCF7.bcFTMR_2123,sensitive
MCF7_MCF7.bcCXGZ_2124,sensitive
MCF7_MCF7.bcEFGG_2125,sensitive
MCF7_MCF7.bcDYTI_2126,sensitive
MCF7_MCF7.bcHNLT_2127,sensitive
MCF7_MCF7.bcGCHZ_2128,sensitive
MCF7_MCF7.bcFOSC_2129,sensitive
MCF7_MCF7.bcATIY_2130,sensitive
MCF7_MCF7.bcERVL_2131,sensitive
MCF7_MCF7.bcCVEM_2132,sensitive
MCF7_MCF7.bcGPUE_2133,sensitive
MCF7_MCF7.bcDAFK_2134,sensitive
MCF7_MCF7.bcDIRD_2135,sensitive
MCF7_MCF7.bcAZAQ_2136,sensitive
MCF7_MCF7.bcBPWM_2137,sensitive
MCF7_MCF7.bcICBC_2138,sensitive
MCF7_MCF7.bcDZDQ_2139,sensitive
MCF7_MCF7.bcDFMV_2140,sensitive
MCF7_MCF7.bcCVSR_2141,sensitive
MCF7_MCF7.bcBVKW_2142,sensitive
MCF7_MCF7.bcHLVG_2144,sensitive
MCF7_MCF7.bcEHDS_2145,sensitive
MCF7_MCF7.bcBWTL_2146,sensitive
MCF7_MCF7.bcHGJO_2147,sensitive
MCF7_MCF7.bcCEXD_2148,sensitive
MCF7_MCF7.bcIIAD_2149,sensitive
MCF7_MCF7.bcIAYZ_2150,sensitive
MCF7_MCF7.bcCXFD_2151,sensitive
MCF7_MCF7.bcBXID_2152,sensitive
MCF7_MCF7.bcAXKH_2153,sensitive
MCF7_MCF7.bcAAXM_2154,sensitive
MCF7_MCF7.bcFWIA_2155,sensitive
MCF7_MCF7.bcHBYD_2156,sensitive
MCF7_MCF7.bcBXZZ_2157,sensitive
MCF7_MCF7.bcCHRW_2158,sensitive
MCF7_MCF7.bcDBYL_2159,sensitive
MCF7_MCF7.bcHUHK_2160,sensitive
MCF7_MCF7.bcDHHS_2161,sensitive
MCF7_MCF7.bcEBQR_2163,sensitive
MCF7_MCF7.bcDZVL_2164,sensitive
MCF7_MCF7.bcCVBO_2165,sensitive
MCF7_MCF7.bcFCLC_2167,sensitive
MCF7_MCF7.bcAXGX_2168,sensitive
MCF7_MCF7.bcBQJS_2171,sensitive
MCF7_MCF7.bcBIZL_2174,sensitive
MCF7_MCF7.bcCNMC_2175,sensitive
MCF7_MCF7.bcEXHI_2176,sensitive
MCF7_MCF7.bcEOEG_2178,sensitive
MCF7_MCF7.bcFLHA_2179,sensitive
MCF7_MCF7.bcHBKZ_2181,sensitive
MCF7_MCF7.bcHAZM_2182,sensitive
MCF7_MCF7.bcEUDX_2183,sensitive
MCF7_MCF7.bcAKBQ_2185,sensitive
MCF7_MCF7.bcCFLO_2186,sensitive
MCF7_MCF7.bcGAEJ_2187,sensitive
MCF7_MCF7.bcAAYK_2188,sensitive
MCF7_MCF7.bcBCUC_2189,sensitive
MCF7_MCF7.bcAJKQ_2190,sensitive
MCF7_MCF7.bcHYDS_2191,sensitive
MCF7_MCF7.bcBBRJ_2192,sensitive
MCF7_MCF7.bcGAYH_2193,sensitive
MCF7_MCF7.bcHFXY_2194,sensitive
MCF7_MCF7.bcFYXP_2195,sensitive
MCF7_MCF7.bcCHPM_2196,sensitive
MCF7_MCF7.bcBYTH_2197,sensitive
MCF7_MCF7.bcGHXF_2198,sensitive
MCF7_MCF7.bcHBGW_2200,sensitive
MCF7_MCF7.bcCRQO_2204,sensitive
MCF7_MCF7.bcDLDG_2205,sensitive
MCF7_MCF7.bcGMDS_2207,sensitive
MCF7_MCF7.bcCIUB_2208,sensitive
MCF7_MCF7.bcHLPF_2209,sensitive
MCF7_MCF7.bcACYD_2210,sensitive
MCF7_MCF7.bcCRTY_2211,sensitive
MCF7_MCF7.bcIAKN_2212,sensitive
MCF7_MCF7.bcFGNU_2213,sensitive
MCF7_MCF7.bcCLRE_2214,sensitive
MCF7_MCF7.bcHYDB_2215,sensitive
MCF7_MCF7.bcCCJM_2217,sensitive
MCF7_MCF7.bcAYYG_2218,sensitive
MCF7_MCF7.bcEFBD_2219,sensitive
MCF7_MCF7.bcEXPT_2220,sensitive
MCF7_MCF7.bcFDZH_2221,sensitive
MCF7_MCF7.bcCETC_2222,sensitive
MCF7_MCF7.bcHEBT_2223,sensitive
MCF7_MCF7.bcBYDK_2224,sensitive
MCF7_MCF7.bcBJKC_2225,sensitive
MCF7_MCF7.bcBYYS_2227,sensitive
MCF7_MCF7.bcICNO_2228,sensitive
MCF7_MCF7.bcCUUD_2229,sensitive
MCF7_MCF7.bcCMEG_2230,sensitive
MCF7_MCF7.bcBYPY_2231,sensitive
MCF7_MCF7.bcAFNJ_2232,sensitive
MCF7_MCF7.bcIBIQ_2233,sensitive
MCF7_MCF7.bcHNIN_2234,sensitive
MCF7_MCF7.bcDDAH_2236,sensitive
MCF7_MCF7.bcDDOP_2237,sensitive
MCF7_MCF7.bcFCFQ_2238,sensitive
MCF7_MCF7.bcCWXE_2240,sensitive
MCF7_MCF7.bcCBSB_2241,sensitive
MCF7_MCF7.bcABRR_2243,sensitive
MCF7_MCF7.bcAQQL_2244,sensitive
MCF7_MCF7.bcDTCN_2245,sensitive
MCF7_MCF7.bcBMHJ_2246,sensitive
MCF7_MCF7.bcIHVF_2247,sensitive
MCF7_MCF7.bcCDIV_2248,sensitive
MCF7_MCF7.bcGPFJ_2249,sensitive
MCF7_MCF7.bcHJFC_2251,sensitive
MCF7_MCF7.bcDAFU_2252,sensitive
MCF7_MCF7.bcEIBN_2253,sensitive
MCF7_MCF7.bcCLOJ_2254,sensitive
MCF7_MCF7.bcAHZW_2255,sensitive
MCF7_MCF7.bcBXTY_2256,sensitive
MCF7_MCF7.bcGLFN_2257,sensitive
MCF7_MCF7.bcDJNJ_2258,sensitive
MCF7_MCF7.bcDKXN_2259,sensitive
MCF7_MCF7.bcEQJV_2260,sensitive
MCF7_MCF7.bcDLYT_2261,sensitive
MCF7_MCF7.bcCUJH_2262,sensitive
MCF7_MCF7.bcBXKY_2263,sensitive
MCF7_MCF7.bcCYCA_2264,sensitive
MCF7_MCF7.bcFUUV_2266,sensitive
MCF7_MCF7.bcBKBP_2268,sensitive
MCF7_MCF7.bcAMAW_2270,sensitive
MCF7_MCF7.bcCUGU_2271,sensitive
MCF7_MCF7.bcCTTB_2272,sensitive
MCF7_MCF7.bcCOYT_2273,sensitive
MCF7_MCF7.bcDNFB_2274,sensitive
MCF7_MCF7.bcHGUS_2275,sensitive
MCF7_MCF7.bcAYOK_2276,sensitive
MCF7_MCF7.bcDBLZ_2279,sensitive
MCF7_MCF7.bcFNJE_2280,sensitive
MCF7_MCF7.bcEVJA_2281,sensitive
MCF7_MCF7.bcFUNB_2282,sensitive
MCF7_MCF7.bcHGMD_2283,sensitive
MCF7_MCF7.bcBNPQ_2284,sensitive
MCF7_MCF7.bcAZJM_2289,sensitive
MCF7_MCF7.bcFKFP_2290,sensitive
MCF7_MCF7.bcAVDZ_2291,sensitive
MCF7_MCF7.bcFLPV_2292,sensitive
MCF7_MCF7.bcDZMW_2293,sensitive
MCF7_MCF7.bcDKDL_2294,sensitive
MCF7_MCF7.bcAFUR_2296,sensitive
MCF7_MCF7.bcBGKM_2297,sensitive
MCF7_MCF7.bcEBYS_2298,sensitive
MCF7_MCF7.bcFFSJ_2299,sensitive
MCF7_MCF7.bcCUXR_2300,sensitive
MCF7_MCF7.bcEMHG_2301,sensitive
MCF7_MCF7.bcFBLI_2302,sensitive
MCF7_MCF7.bcGNZN_2303,sensitive
MCF7_MCF7.bcAXYU_2304,sensitive
MCF7_MCF7.bcBXTG_2307,sensitive
MCF7_MCF7.bcHVIT_2308,sensitive
MCF7_MCF7.bcABNM_2309,sensitive
MCF7_MCF7.bcFSCP_2312,sensitive
MCF7_MCF7.bcEOOC_2313,sensitive
MCF7_MCF7.bcFAHE_2314,sensitive
MCF7_MCF7.bcDBFP_2315,sensitive
MCF7_MCF7.bcICNW_2316,sensitive
MCF7_MCF7.bcATEA_2318,sensitive
MCF7_MCF7.bcAMZM_2319,sensitive
MCF7_MCF7.bcCDTE_2321,sensitive
MCF7_MCF7.bcGNQA_2322,sensitive
MCF7_MCF7.bcAPUG_2325,sensitive
MCF7_MCF7.bcCZSY_2326,sensitive
MCF7_MCF7.bcHZCZ_2327,sensitive
MCF7_MCF7.bcCJCD_2328,sensitive
MCF7_MCF7.bcHCFC_2330,sensitive
MCF7_MCF7.bcGBSM_2332,sensitive
MCF7_MCF7.bcDFJA_2333,sensitive
MCF7_MCF7.bcGEMQ_2334,sensitive
MCF7_MCF7.bcHHWE_2336,sensitive
MCF7_MCF7.bcDZLN_2337,sensitive
MCF7_MCF7.bcCCCR_2338,sensitive
MCF7_MCF7.bcBNQS_2339,sensitive
MCF7_MCF7.bcAILA_2340,sensitive
MCF7_MCF7.bcDKNI_2341,sensitive
MCF7_MCF7.bcBYQB_2342,sensitive
MCF7_MCF7.bcDOZJ_2343,sensitive
MCF7_MCF7.bcALIJ_2344,sensitive
MCF7_MCF7.bcCHJS_2345,sensitive
MCF7_MCF7.bcECTE_2346,sensitive
MCF7_MCF7.bcGUGD_2348,sensitive
MCF7_MCF7.bcAEVZ_2349,sensitive
MCF7_MCF7.bcAAHE_2350,sensitive
MCF7_MCF7.bcASGT_2351,sensitive
MCF7_MCF7.bcEEQO_2352,sensitive
MCF7_MCF7.bcHDYF_2353,sensitive
MCF7_MCF7.bcHDXI_2354,sensitive
MCF7_MCF7.bcFFIT_2356,sensitive
MCF7_MCF7.bcHMQT_2359,sensitive
MCF7_MCF7.bcHBDA_2361,sensitive
MCF7_MCF7.bcBLVM_2362,sensitive
MCF7_MCF7.bcHJJD_2363,sensitive
MCF7_MCF7.bcCCKY_2364,sensitive
MCF7_MCF7.bcFXBP_2366,sensitive
MCF7_MCF7.bcGTNA_2367,sensitive
MCF7_MCF7.bcIEVT_2368,sensitive
MCF7_MCF7.bcGYTB_2369,sensitive
MCF7_MCF7.bcDBJU_2370,sensitive
MCF7_MCF7.bcEYRK_2371,sensitive
MCF7_MCF7.bcIIBB_2373,sensitive
MCF7_MCF7.bcCCMJ_2374,sensitive
MCF7_MCF7.bcHIDP_2375,sensitive
MCF7_MCF7.bcGTUV_2376,sensitive
MCF7_MCF7.bcDJKR_2377,sensitive
MCF7_MCF7.bcBUGJ_2378,sensitive
MCF7_MCF7.bcFQUZ_2379,sensitive
MCF7_MCF7.bcCOYH_2380,sensitive
MCF7_MCF7.bcCZUS_2381,sensitive
MCF7_MCF7.bcHFBC_2382,sensitive
MCF7_MCF7.bcFBSS_2383,sensitive
MCF7_MCF7.bcFITB_2384,sensitive
MCF7_MCF7.bcEELD_2385,sensitive
MCF7_MCF7.bcBPKV_2387,sensitive
MCF7_MCF7.bcHWYQ_2388,sensitive
MCF7_MCF7.bcGLWN_2389,sensitive
MCF7_MCF7.bcCFXA_2390,sensitive
MCF7_MCF7.bcEODP_2391,sensitive
MCF7_MCF7.bcGWON_2393,sensitive
MCF7_MCF7.bcATIK_2397,sensitive
MCF7_MCF7.bcFRAJ_2398,sensitive
MCF7_MCF7.bcECAN_2399,sensitive
MCF7_MCF7.bcEZPO_2400,sensitive
MCF7_MCF7.bcBWQZ_2401,sensitive
MCF7_MCF7.bcEDSR_2402,sensitive
MCF7_MCF7.bcDIED_2403,sensitive
MCF7_MCF7.bcDZTD_2404,sensitive
MCF7_MCF7.bcDHKL_2405,sensitive
MCF7_MCF7.bcHCDB_2406,sensitive
MCF7_MCF7.bcIJBG_2409,sensitive
MCF7_MCF7.bcBKXQ_2410,sensitive
MCF7_MCF7.bcGEOB_2411,sensitive
MCF7_MCF7.bcAFDG_2412,sensitive
MCF7_MCF7.bcGGPW_2413,sensitive
MCF7_MCF7.bcFKKP_2415,sensitive
MCF7_MCF7.bcCVNY_2416,sensitive
MCF7_MCF7.bcHJQT_2417,sensitive
MCF7_MCF7.bcBRPY_2418,sensitive
MCF7_MCF7.bcFAHC_2419,sensitive
MCF7_MCF7.bcGIZQ_2420,sensitive
MCF7_MCF7.bcBMGU_2421,sensitive
MCF7_MCF7.bcARLQ_2422,sensitive
MCF7_MCF7.bcDCAG_2423,sensitive
MCF7_MCF7.bcEWYN_2425,sensitive
MCF7_MCF7.bcATMC_2426,sensitive
MCF7_MCF7.bcEZLE_2427,sensitive
MCF7_MCF7.bcHPCF_2428,sensitive
MCF7_MCF7.bcHKNK_2429,sensitive
MCF7_MCF7.bcDJLK_2433,sensitive
MCF7_MCF7.bcCJPG_2436,sensitive
MCF7_MCF7.bcGJRV_2438,sensitive
MCF7_MCF7.bcABHF_2439,sensitive
MCF7_MCF7.bcATPO_2440,sensitive
MCF7_MCF7.bcHBGI_2441,sensitive
MCF7_MCF7.bcEOMR_2443,sensitive
MCF7_MCF7.bcEVPX_2445,sensitive
MCF7_MCF7.bcCMUB_2446,sensitive
MCF7_MCF7.bcBJSZ_2448,sensitive
MCF7_MCF7.bcFMGT_2449,sensitive
MCF7_MCF7.bcEPEN_2450,sensitive
MCF7_MCF7.bcHQEB_2451,sensitive
MCF7_MCF7.bcHFOW_2452,sensitive
MCF7_MCF7.bcIJAX_2453,sensitive
MCF7_MCF7.bcGHQV_2454,sensitive
MCF7_MCF7.bcFDHW_2455,sensitive
MCF7_MCF7.bcBXFS_2456,sensitive
MCF7_MCF7.bcEQUB_2457,sensitive
MCF7_MCF7.bcCPZR_2458,sensitive
MCF7_MCF7.bcIAEY_2459,sensitive
MCF7_MCF7.bcCCXO_2460,sensitive
MCF7_MCF7.bcCPBH_2461,sensitive
MCF7_MCF7.bcEAKU_2462,sensitive
MCF7_MCF7.bcCJTU_2463,sensitive
MCF7_MCF7.bcABVJ_2464,sensitive
MCF7_MCF7.bcCVAK_2466,sensitive
MCF7_MCF7.bcCYAK_2467,sensitive
MCF7_MCF7.bcDQCM_2468,sensitive
MCF7_MCF7.bcFCSF_2469,sensitive
MCF7_MCF7.bcGVRF_2470,sensitive
MCF7_MCF7.bcFTFG_2471,sensitive
MCF7_MCF7.bcHZUX_2472,sensitive
MCF7_MCF7.bcBVWI_2473,sensitive
MCF7_MCF7.bcFXLJ_2474,sensitive
MCF7_MCF7.bcBXWK_2475,sensitive
MCF7_MCF7.bcESXW_2476,sensitive
MCF7_MCF7.bcAHKZ_2477,sensitive
MCF7_MCF7.bcBGNS_2478,sensitive
MCF7_MCF7.bcBUMM_2479,sensitive
MCF7_MCF7.bcASBT_2481,sensitive
MCF7_MCF7.bcGJGF_2482,sensitive
MCF7_MCF7.bcBIIQ_2486,sensitive
MCF7_MCF7.bcHBFF_2487,sensitive
MCF7_MCF7.bcHNMC_2488,sensitive
MCF7_MCF7.bcFHGR_2489,sensitive
MCF7_MCF7.bcEPQP_2490,sensitive
MCF7_MCF7.bcEJAV_2493,sensitive
MCF7_MCF7.bcHIBZ_2494,sensitive
MCF7_MCF7.bcASNT_2496,sensitive
MCF7_MCF7.bcFLGO_2497,sensitive
MCF7_MCF7.bcGUPZ_2498,sensitive
MCF7_MCF7.bcCFLX_2499,sensitive
MCF7_MCF7.bcIIHA_2500,sensitive
MCF7_MCF7.bcCVIP_2501,sensitive
MCF7_MCF7.bcGBKL_2502,sensitive
MCF7_MCF7.bcFBRB_2503,sensitive
MCF7_MCF7.bcDKPQ_2504,sensitive
MCF7_MCF7.bcHCEQ_2505,sensitive
MCF7_MCF7.bcCNPQ_2506,sensitive
MCF7_MCF7.bcGWOB_2508,sensitive
MCF7_MCF7.bcDCAS_2509,sensitive
MCF7_MCF7.bcEHZW_2512,sensitive
MCF7_MCF7.bcIEYM_2513,sensitive
MCF7_MCF7.bcEVAP_2514,sensitive
MCF7_MCF7.bcGVJU_2515,sensitive
MCF7_MCF7.bcGXWY_2516,sensitive
MCF7_MCF7.bcFUYY_2518,sensitive
MCF7_MCF7.bcHJGH_2519,sensitive
MCF7_MCF7.bcAIVN_2521,sensitive
MCF7_MCF7.bcBXII_2522,sensitive
MCF7_MCF7.bcBNSR_2525,sensitive
MCF7_MCF7.bcDWYQ_2526,sensitive
MCF7_MCF7.bcGUQX_2527,sensitive
MCF7_MCF7.bcCHEF_2529,sensitive
MCF7_MCF7.bcDGDL_2530,sensitive
MCF7_MCF7.bcFNLD_2531,sensitive
MCF7_MCF7.bcASCQ_2532,sensitive
MCF7_MCF7.bcHIFZ_2533,sensitive
MCF7_MCF7.bcHLNW_2534,sensitive
MCF7_MCF7.bcBDXV_2536,sensitive
MCF7_MCF7.bcCLFA_2538,sensitive
MCF7_MCF7.bcENMT_2539,sensitive
MCF7_MCF7.bcDJZW_2540,sensitive
MCF7_MCF7.bcBPPO_2541,sensitive
MCF7_MCF7.bcDUJL_2543,sensitive
MCF7_MCF7.bcHVMC_2544,sensitive
MCF7_MCF7.bcCWUB_2545,sensitive
MCF7_MCF7.bcDXZW_2546,sensitive
MCF7_MCF7.bcEWUK_2547,sensitive
MCF7_MCF7.bcALDA_2549,sensitive
MCF7_MCF7.bcBWCB_2550,sensitive
MCF7_MCF7.bcGCHS_2551,sensitive
MCF7_MCF7.bcAXCQ_2552,sensitive
MCF7_MCF7.bcDIID_2553,sensitive
MCF7_MCF7.bcCGVO_2554,sensitive
MCF7_MCF7.bcFFKL_2555,sensitive
MCF7_MCF7.bcADFD_2556,sensitive
MCF7_MCF7.bcAYZZ_2558,sensitive
MCF7_MCF7.bcENDI_2559,sensitive
MCF7_MCF7.bcAEWF_2561,sensitive
MCF7_MCF7.bcCNNU_2563,sensitive
MCF7_MCF7.bcCIHS_2564,sensitive
MCF7_MCF7.bcICZN_2565,sensitive
MCF7_MCF7.bcIAOA_2567,sensitive
MCF7_MCF7.bcCMOL_2569,sensitive
MCF7_MCF7.bcFLOP_2570,sensitive
MCF7_MCF7.bcBNDY_2571,sensitive
MCF7_MCF7.bcBJQK_2572,sensitive
MCF7_MCF7.bcECNB_2574,sensitive
MCF7_MCF7.bcCDXP_2576,sensitive
MCF7_MCF7.bcGQUD_2578,sensitive
MCF7_MCF7.bcETWG_2579,sensitive
MCF7_MCF7.bcBMAE_2580,sensitive
MCF7_MCF7.bcGPIQ_2581,sensitive
MCF7_MCF7.bcDBDQ_2582,sensitive
MCF7_MCF7.bcEGSX_2584,sensitive
MCF7_MCF7.bcHQQG_2586,sensitive
MCF7_MCF7.bcFVQS_2587,sensitive
MCF7_MCF7.bcIIMO_2588,sensitive
MCF7_MCF7.bcDNBW_2590,sensitive
MCF7_MCF7.bcEYVP_2591,sensitive
MCF7_MCF7.bcGLAH_2593,sensitive
MCF7_MCF7.bcACLF_2594,sensitive
MCF7_MCF7.bcHVUJ_2595,sensitive
MCF7_MCF7.bcATPY_2598,sensitive
MCF7_MCF7.bcFJDZ_2600,sensitive
MCF7_MCF7.bcAGWV_2602,sensitive
MCF7_MCF7.bcDQAK_2603,sensitive
MCF7_MCF7.bcBBQB_2604,sensitive
MCF7_MCF7.bcHVOB_2605,sensitive
MCF7_MCF7.bcDSES_2606,sensitive
MCF7_MCF7.bcGEYA_2608,sensitive
MCF7_MCF7.bcEEJT_2609,sensitive
MCF7_MCF7.bcBGRU_2610,sensitive
MCF7_MCF7.bcCYGW_2611,sensitive
MCF7_MCF7.bcEQFK_2612,sensitive
MCF7_MCF7.bcEYNV_2613,sensitive
MCF7_MCF7.bcECEH_2614,sensitive
MCF7_MCF7.bcFWFQ_2615,sensitive
MCF7_MCF7.bcCIFA_2616,sensitive
MCF7_MCF7.bcEZZO_2617,sensitive
MCF7_MCF7.bcESMO_2618,sensitive
MCF7_MCF7.bcDFVP_2619,sensitive
MCF7_MCF7.bcCVAB_2620,sensitive
MCF7_MCF7.bcGTWN_2621,sensitive
MCF7_MCF7.bcGNHL_2622,sensitive
MCF7_MCF7.bcHRJU_2623,sensitive
MCF7_MCF7.bcDSDI_2624,sensitive
MCF7_MCF7.bcGBGH_2625,sensitive
MCF7_MCF7.bcIDJW_2626,sensitive
MCF7_MCF7.bcCHYI_2627,sensitive
MCF7_MCF7.bcDDJD_2628,sensitive
MCF7_MCF7.bcEFZX_2629,sensitive
MCF7_MCF7.bcCLNM_2630,sensitive
MCF7_MCF7.bcFTNV_2631,sensitive
MCF7_MCF7.bcICKI_2632,sensitive
MCF7_MCF7.bcEISS_2633,sensitive
MCF7_MCF7.bcAXMQ_2635,sensitive
MCF7_MCF7.bcHCOA_2636,sensitive
MCF7_MCF7.bcAQVJ_2637,sensitive
MCF7_MCF7.bcHBSK_2638,sensitive
MCF7_MCF7.bcEWOA_2639,sensitive
MCF7_MCF7.bcCZFC_2640,sensitive
MCF7_MCF7.bcCFOT_2642,sensitive
MCF7_MCF7.bcABES_2643,sensitive
MCF7_MCF7.bcEEDY_2644,sensitive
